[
  {
    "fromRoomId": 12,
    "toRoomId": 48,
    "personId": 645087224,
    "time": "2024-05-17T03:34:26"
  },
  {
    "fromRoomId": 36,
    "toRoomId": 34,
    "personId": 692519415,
    "time": "2024-11-22T09:11:19"
  },
  {
    "fromRoomId": 15,
    "toRoomId": 17,
    "personId": 223065591,
    "time": "2024-02-03T09:51:29"
  },
  {
    "fromRoomId": 46,
    "toRoomId": 26,
    "personId": 599608714,
    "time": "2024-11-18T05:26:54"
  },
  {
    "fromRoomId": 28,
    "toRoomId": 13,
    "personId": 469719269,
    "time": "2024-04-05T05:05:27"
  },
  {
    "fromRoomId": 2,
    "toRoomId": 41,
    "personId": 901352254,
    "time": "2024-05-21T17:26:03"
  },
  {
    "fromRoomId": 40,
    "toRoomId": 43,
    "personId": 469719269,
    "time": "2024-06-12T21:36:47"
  },
  {
    "fromRoomId": 29,
    "toRoomId": 35,
    "personId": 111977417,
    "time": "2024-10-03T04:49:22"
  },
  {
    "fromRoomId": 33,
    "toRoomId": 39,
    "personId": 868549010,
    "time": "2024-05-31T13:51:40"
  },
  {
    "fromRoomId": 18,
    "toRoomId": 2,
    "personId": 207652647,
    "time": "2024-07-30T07:27:18"
  },
  {
    "fromRoomId": 38,
    "toRoomId": 15,
    "personId": 423714377,
    "time": "2024-02-04T20:12:50"
  },
  {
    "fromRoomId": 1,
    "toRoomId": 33,
    "personId": 922206818,
    "time": "2024-01-28T22:14:46"
  },
  {
    "fromRoomId": 27,
    "toRoomId": 44,
    "personId": 291534020,
    "time": "2024-08-28T20:58:31"
  },
  {
    "fromRoomId": 40,
    "toRoomId": 5,
    "personId": 848834590,
    "time": "2024-03-14T04:38:40"
  },
  {
    "fromRoomId": 33,
    "toRoomId": 23,
    "personId": 935556126,
    "time": "2024-02-08T01:15:51"
  },
  {
    "fromRoomId": 42,
    "toRoomId": 22,
    "personId": 450018651,
    "time": "2024-11-03T22:09:31"
  },
  {
    "fromRoomId": 13,
    "toRoomId": 17,
    "personId": 646357301,
    "time": "2024-09-07T04:22:48"
  },
  {
    "fromRoomId": 45,
    "toRoomId": 15,
    "personId": 975640673,
    "time": "2024-02-21T23:51:12"
  },
  {
    "fromRoomId": 26,
    "toRoomId": 39,
    "personId": 449523525,
    "time": "2024-06-12T20:35:22"
  },
  {
    "fromRoomId": 28,
    "toRoomId": 47,
    "personId": 668360853,
    "time": "2024-09-20T06:25:37"
  },
  {
    "fromRoomId": 38,
    "toRoomId": 16,
    "personId": 663505653,
    "time": "2024-05-31T07:53:35"
  },
  {
    "fromRoomId": 45,
    "toRoomId": 41,
    "personId": 551420274,
    "time": "2024-04-20T06:08:00"
  },
  {
    "fromRoomId": 33,
    "toRoomId": 40,
    "personId": 963650922,
    "time": "2024-07-11T06:17:47"
  },
  {
    "fromRoomId": 8,
    "toRoomId": 1,
    "personId": 648104110,
    "time": "2024-03-23T08:14:58"
  },
  {
    "fromRoomId": 16,
    "toRoomId": 31,
    "personId": 999967701,
    "time": "2024-08-18T09:59:03"
  },
  {
    "fromRoomId": 0,
    "toRoomId": 41,
    "personId": 778264113,
    "time": "2024-07-25T20:26:13"
  },
  {
    "fromRoomId": 8,
    "toRoomId": 40,
    "personId": 388840277,
    "time": "2024-05-17T13:13:06"
  },
  {
    "fromRoomId": 5,
    "toRoomId": 1,
    "personId": 513035192,
    "time": "2024-05-03T03:24:11"
  },
  {
    "fromRoomId": 14,
    "toRoomId": 48,
    "personId": 645087224,
    "time": "2024-05-06T17:41:28"
  },
  {
    "fromRoomId": 15,
    "toRoomId": 38,
    "personId": 689299413,
    "time": "2024-08-19T02:03:56"
  },
  {
    "fromRoomId": 3,
    "toRoomId": 22,
    "personId": 308019351,
    "time": "2024-08-31T21:05:08"
  },
  {
    "fromRoomId": 17,
    "toRoomId": 48,
    "personId": 149094118,
    "time": "2024-08-08T21:40:31"
  },
  {
    "fromRoomId": 1,
    "toRoomId": 49,
    "personId": 450018651,
    "time": "2024-03-09T14:27:24"
  },
  {
    "fromRoomId": 46,
    "toRoomId": 38,
    "personId": 233647763,
    "time": "2024-12-16T14:52:09"
  },
  {
    "fromRoomId": 13,
    "toRoomId": 34,
    "personId": 228511048,
    "time": "2024-12-27T19:54:41"
  },
  {
    "fromRoomId": 39,
    "toRoomId": 38,
    "personId": 323788050,
    "time": "2024-07-24T07:05:30"
  },
  {
    "fromRoomId": 28,
    "toRoomId": 37,
    "personId": 139185983,
    "time": "2024-01-30T21:51:13"
  },
  {
    "fromRoomId": 43,
    "toRoomId": 47,
    "personId": 634396380,
    "time": "2024-11-18T17:22:06"
  },
  {
    "fromRoomId": 16,
    "toRoomId": 12,
    "personId": 423714377,
    "time": "2024-06-04T23:33:48"
  },
  {
    "fromRoomId": 27,
    "toRoomId": 18,
    "personId": 802092610,
    "time": "2024-12-07T14:48:35"
  },
  {
    "fromRoomId": 6,
    "toRoomId": 39,
    "personId": 803025265,
    "time": "2024-01-26T14:03:30"
  },
  {
    "fromRoomId": 30,
    "toRoomId": 46,
    "personId": 690004645,
    "time": "2024-02-04T21:11:16"
  },
  {
    "fromRoomId": 15,
    "toRoomId": 9,
    "personId": 930326647,
    "time": "2024-05-06T02:55:37"
  },
  {
    "fromRoomId": 35,
    "toRoomId": 16,
    "personId": 822879646,
    "time": "2024-03-16T20:45:00"
  },
  {
    "fromRoomId": 45,
    "toRoomId": 6,
    "personId": 223065591,
    "time": "2024-07-26T12:18:53"
  },
  {
    "fromRoomId": 8,
    "toRoomId": 9,
    "personId": 922206818,
    "time": "2024-06-20T07:35:38"
  },
  {
    "fromRoomId": 12,
    "toRoomId": 14,
    "personId": 117081758,
    "time": "2024-11-09T19:00:13"
  },
  {
    "fromRoomId": 17,
    "toRoomId": 40,
    "personId": 334762845,
    "time": "2024-06-09T16:18:44"
  },
  {
    "fromRoomId": 26,
    "toRoomId": 38,
    "personId": 670283653,
    "time": "2024-11-07T13:57:25"
  },
  {
    "fromRoomId": 29,
    "toRoomId": 23,
    "personId": 778264113,
    "time": "2024-10-04T09:59:33"
  },
  {
    "fromRoomId": 12,
    "toRoomId": 18,
    "personId": 822879646,
    "time": "2024-09-24T17:08:20"
  },
  {
    "fromRoomId": 48,
    "toRoomId": 18,
    "personId": 646357301,
    "time": "2024-06-12T13:48:13"
  },
  {
    "fromRoomId": 41,
    "toRoomId": 33,
    "personId": 777038256,
    "time": "2024-01-25T14:04:27"
  },
  {
    "fromRoomId": 19,
    "toRoomId": 46,
    "personId": 167149192,
    "time": "2024-12-10T13:30:11"
  },
  {
    "fromRoomId": 12,
    "toRoomId": 22,
    "personId": 999967701,
    "time": "2024-10-08T08:41:18"
  },
  {
    "fromRoomId": 22,
    "toRoomId": 35,
    "personId": 689299413,
    "time": "2024-01-22T19:28:16"
  },
  {
    "fromRoomId": 15,
    "toRoomId": 34,
    "personId": 868549010,
    "time": "2024-11-29T13:19:54"
  },
  {
    "fromRoomId": 13,
    "toRoomId": 31,
    "personId": 850833210,
    "time": "2024-01-30T19:15:28"
  },
  {
    "fromRoomId": 39,
    "toRoomId": 43,
    "personId": 469719269,
    "time": "2024-08-30T05:16:40"
  },
  {
    "fromRoomId": 49,
    "toRoomId": 29,
    "personId": 308107928,
    "time": "2024-10-04T05:36:00"
  },
  {
    "fromRoomId": 8,
    "toRoomId": 29,
    "personId": 207610275,
    "time": "2024-02-20T19:58:46"
  },
  {
    "fromRoomId": 3,
    "toRoomId": 49,
    "personId": 878049775,
    "time": "2024-05-28T00:01:21"
  },
  {
    "fromRoomId": 21,
    "toRoomId": 31,
    "personId": 778264113,
    "time": "2024-08-12T19:16:49"
  },
  {
    "fromRoomId": 37,
    "toRoomId": 49,
    "personId": 513035192,
    "time": "2024-06-04T21:41:50"
  },
  {
    "fromRoomId": 2,
    "toRoomId": 16,
    "personId": 415757427,
    "time": "2024-02-27T18:16:50"
  },
  {
    "fromRoomId": 28,
    "toRoomId": 35,
    "personId": 983541407,
    "time": "2024-08-20T05:28:22"
  },
  {
    "fromRoomId": 3,
    "toRoomId": 46,
    "personId": 534480018,
    "time": "2024-01-30T10:24:12"
  },
  {
    "fromRoomId": 0,
    "toRoomId": 16,
    "personId": 423714377,
    "time": "2024-10-04T18:10:22"
  },
  {
    "fromRoomId": 5,
    "toRoomId": 25,
    "personId": 111977417,
    "time": "2024-08-07T21:56:25"
  },
  {
    "fromRoomId": 10,
    "toRoomId": 14,
    "personId": 448549932,
    "time": "2024-12-10T17:27:28"
  },
  {
    "fromRoomId": 28,
    "toRoomId": 9,
    "personId": 634396380,
    "time": "2024-10-29T18:18:44"
  },
  {
    "fromRoomId": 40,
    "toRoomId": 17,
    "personId": 757290638,
    "time": "2024-09-07T21:48:09"
  },
  {
    "fromRoomId": 29,
    "toRoomId": 5,
    "personId": 139185983,
    "time": "2024-01-29T07:37:18"
  },
  {
    "fromRoomId": 1,
    "toRoomId": 12,
    "personId": 975640673,
    "time": "2024-11-29T02:01:37"
  },
  {
    "fromRoomId": 28,
    "toRoomId": 3,
    "personId": 566657235,
    "time": "2024-01-09T19:50:49"
  },
  {
    "fromRoomId": 40,
    "toRoomId": 9,
    "personId": 742860334,
    "time": "2024-12-01T05:58:13"
  },
  {
    "fromRoomId": 32,
    "toRoomId": 44,
    "personId": 321270348,
    "time": "2024-12-03T01:23:47"
  },
  {
    "fromRoomId": 37,
    "toRoomId": 18,
    "personId": 992500514,
    "time": "2024-10-22T01:02:41"
  },
  {
    "fromRoomId": 32,
    "toRoomId": 12,
    "personId": 780848820,
    "time": "2024-10-20T23:42:02"
  },
  {
    "fromRoomId": 35,
    "toRoomId": 38,
    "personId": 930326647,
    "time": "2024-11-24T15:59:22"
  },
  {
    "fromRoomId": 3,
    "toRoomId": 22,
    "personId": 308019351,
    "time": "2024-11-21T05:17:40"
  },
  {
    "fromRoomId": 46,
    "toRoomId": 31,
    "personId": 551420274,
    "time": "2024-12-13T12:13:10"
  },
  {
    "fromRoomId": 5,
    "toRoomId": 29,
    "personId": 448549932,
    "time": "2024-08-15T03:19:12"
  },
  {
    "fromRoomId": 31,
    "toRoomId": 9,
    "personId": 334762845,
    "time": "2024-08-07T19:03:39"
  },
  {
    "fromRoomId": 10,
    "toRoomId": 7,
    "personId": 665126233,
    "time": "2024-01-02T05:56:29"
  },
  {
    "fromRoomId": 46,
    "toRoomId": 17,
    "personId": 645087224,
    "time": "2024-06-26T05:36:14"
  },
  {
    "fromRoomId": 7,
    "toRoomId": 34,
    "personId": 147532975,
    "time": "2024-09-29T22:57:24"
  },
  {
    "fromRoomId": 7,
    "toRoomId": 28,
    "personId": 147532975,
    "time": "2024-10-08T19:08:50"
  },
  {
    "fromRoomId": 6,
    "toRoomId": 39,
    "personId": 473096985,
    "time": "2024-04-14T01:13:03"
  },
  {
    "fromRoomId": 32,
    "toRoomId": 12,
    "personId": 757290638,
    "time": "2024-07-11T01:02:49"
  },
  {
    "fromRoomId": 18,
    "toRoomId": 8,
    "personId": 111977417,
    "time": "2024-07-12T13:46:51"
  },
  {
    "fromRoomId": 26,
    "toRoomId": 3,
    "personId": 822879646,
    "time": "2024-09-12T18:40:12"
  },
  {
    "fromRoomId": 24,
    "toRoomId": 7,
    "personId": 770822949,
    "time": "2024-01-06T10:26:19"
  },
  {
    "fromRoomId": 29,
    "toRoomId": 8,
    "personId": 801315179,
    "time": "2024-02-10T07:36:58"
  },
  {
    "fromRoomId": 31,
    "toRoomId": 42,
    "personId": 141721919,
    "time": "2024-04-13T15:57:55"
  },
  {
    "fromRoomId": 46,
    "toRoomId": 45,
    "personId": 999967701,
    "time": "2024-06-10T13:33:28"
  },
  {
    "fromRoomId": 18,
    "toRoomId": 30,
    "personId": 878049775,
    "time": "2024-04-09T15:05:52"
  },
  {
    "fromRoomId": 20,
    "toRoomId": 12,
    "personId": 566657235,
    "time": "2024-05-16T20:26:17"
  },
  {
    "fromRoomId": 22,
    "toRoomId": 25,
    "personId": 742860334,
    "time": "2024-05-24T03:21:46"
  },
  {
    "fromRoomId": 31,
    "toRoomId": 38,
    "personId": 522744129,
    "time": "2024-12-13T09:31:30"
  },
  {
    "fromRoomId": 7,
    "toRoomId": 38,
    "personId": 665126233,
    "time": "2024-09-28T06:11:26"
  },
  {
    "fromRoomId": 33,
    "toRoomId": 23,
    "personId": 223065591,
    "time": "2024-03-30T00:32:36"
  },
  {
    "fromRoomId": 19,
    "toRoomId": 14,
    "personId": 388840277,
    "time": "2024-03-16T00:12:39"
  },
  {
    "fromRoomId": 43,
    "toRoomId": 14,
    "personId": 111868799,
    "time": "2024-09-18T03:43:01"
  },
  {
    "fromRoomId": 37,
    "toRoomId": 46,
    "personId": 777038256,
    "time": "2024-12-02T09:35:57"
  },
  {
    "fromRoomId": 33,
    "toRoomId": 22,
    "personId": 396011367,
    "time": "2024-02-16T12:14:40"
  },
  {
    "fromRoomId": 2,
    "toRoomId": 35,
    "personId": 640776047,
    "time": "2024-01-11T01:01:27"
  },
  {
    "fromRoomId": 17,
    "toRoomId": 27,
    "personId": 654686463,
    "time": "2024-03-01T14:11:06"
  },
  {
    "fromRoomId": 16,
    "toRoomId": 3,
    "personId": 551420274,
    "time": "2024-09-10T16:49:38"
  },
  {
    "fromRoomId": 37,
    "toRoomId": 15,
    "personId": 207652647,
    "time": "2024-06-17T10:12:56"
  },
  {
    "fromRoomId": 23,
    "toRoomId": 3,
    "personId": 943734912,
    "time": "2024-02-16T00:10:04"
  },
  {
    "fromRoomId": 13,
    "toRoomId": 45,
    "personId": 308019351,
    "time": "2024-11-20T17:54:25"
  },
  {
    "fromRoomId": 31,
    "toRoomId": 42,
    "personId": 291534020,
    "time": "2024-03-04T07:08:17"
  },
  {
    "fromRoomId": 16,
    "toRoomId": 45,
    "personId": 139185983,
    "time": "2024-07-25T10:17:40"
  },
  {
    "fromRoomId": 21,
    "toRoomId": 5,
    "personId": 415757427,
    "time": "2024-06-05T18:15:28"
  },
  {
    "fromRoomId": 46,
    "toRoomId": 3,
    "personId": 111977417,
    "time": "2024-11-12T07:38:04"
  },
  {
    "fromRoomId": 1,
    "toRoomId": 35,
    "personId": 566657235,
    "time": "2024-09-01T02:16:52"
  },
  {
    "fromRoomId": 24,
    "toRoomId": 9,
    "personId": 233647763,
    "time": "2024-09-06T21:02:34"
  },
  {
    "fromRoomId": 13,
    "toRoomId": 22,
    "personId": 233647763,
    "time": "2024-05-25T17:14:21"
  },
  {
    "fromRoomId": 41,
    "toRoomId": 46,
    "personId": 242312072,
    "time": "2024-04-27T04:53:21"
  },
  {
    "fromRoomId": 29,
    "toRoomId": 31,
    "personId": 534480018,
    "time": "2024-10-03T11:41:36"
  },
  {
    "fromRoomId": 14,
    "toRoomId": 9,
    "personId": 823563050,
    "time": "2024-05-27T21:41:45"
  },
  {
    "fromRoomId": 23,
    "toRoomId": 42,
    "personId": 599224369,
    "time": "2024-03-01T16:27:13"
  },
  {
    "fromRoomId": 38,
    "toRoomId": 8,
    "personId": 111977417,
    "time": "2024-01-16T12:48:22"
  },
  {
    "fromRoomId": 16,
    "toRoomId": 28,
    "personId": 975640673,
    "time": "2024-05-20T21:16:07"
  },
  {
    "fromRoomId": 31,
    "toRoomId": 28,
    "personId": 862997498,
    "time": "2024-05-28T16:30:17"
  },
  {
    "fromRoomId": 22,
    "toRoomId": 34,
    "personId": 668360853,
    "time": "2024-03-18T18:11:27"
  },
  {
    "fromRoomId": 9,
    "toRoomId": 5,
    "personId": 508127426,
    "time": "2024-12-27T20:21:58"
  },
  {
    "fromRoomId": 38,
    "toRoomId": 39,
    "personId": 128711912,
    "time": "2024-11-19T09:41:21"
  },
  {
    "fromRoomId": 3,
    "toRoomId": 37,
    "personId": 930326647,
    "time": "2024-04-20T10:14:49"
  },
  {
    "fromRoomId": 12,
    "toRoomId": 24,
    "personId": 442720085,
    "time": "2024-11-05T00:58:07"
  },
  {
    "fromRoomId": 9,
    "toRoomId": 12,
    "personId": 690004645,
    "time": "2024-02-15T17:11:00"
  },
  {
    "fromRoomId": 2,
    "toRoomId": 42,
    "personId": 690004645,
    "time": "2024-05-18T21:02:01"
  },
  {
    "fromRoomId": 18,
    "toRoomId": 34,
    "personId": 975640673,
    "time": "2024-01-02T23:45:47"
  },
  {
    "fromRoomId": 2,
    "toRoomId": 44,
    "personId": 167149192,
    "time": "2024-05-10T20:06:15"
  },
  {
    "fromRoomId": 18,
    "toRoomId": 11,
    "personId": 848834590,
    "time": "2024-07-29T08:08:06"
  },
  {
    "fromRoomId": 1,
    "toRoomId": 38,
    "personId": 690004645,
    "time": "2024-09-03T02:38:51"
  },
  {
    "fromRoomId": 21,
    "toRoomId": 3,
    "personId": 822879646,
    "time": "2024-04-30T12:47:37"
  },
  {
    "fromRoomId": 3,
    "toRoomId": 39,
    "personId": 233647763,
    "time": "2024-05-19T03:29:36"
  },
  {
    "fromRoomId": 33,
    "toRoomId": 12,
    "personId": 801315179,
    "time": "2024-06-14T10:40:04"
  },
  {
    "fromRoomId": 9,
    "toRoomId": 12,
    "personId": 134621389,
    "time": "2024-03-31T04:17:07"
  },
  {
    "fromRoomId": 27,
    "toRoomId": 24,
    "personId": 999967701,
    "time": "2024-11-10T23:25:48"
  },
  {
    "fromRoomId": 26,
    "toRoomId": 27,
    "personId": 901352254,
    "time": "2024-12-06T06:10:17"
  },
  {
    "fromRoomId": 38,
    "toRoomId": 42,
    "personId": 134621389,
    "time": "2024-05-23T17:16:07"
  },
  {
    "fromRoomId": 1,
    "toRoomId": 27,
    "personId": 598422452,
    "time": "2024-12-03T22:38:22"
  },
  {
    "fromRoomId": 18,
    "toRoomId": 38,
    "personId": 284976036,
    "time": "2024-01-28T04:03:03"
  },
  {
    "fromRoomId": 15,
    "toRoomId": 27,
    "personId": 598422452,
    "time": "2024-01-28T00:14:01"
  },
  {
    "fromRoomId": 7,
    "toRoomId": 27,
    "personId": 645087224,
    "time": "2024-12-22T01:21:10"
  },
  {
    "fromRoomId": 48,
    "toRoomId": 42,
    "personId": 522744129,
    "time": "2024-10-23T08:31:14"
  },
  {
    "fromRoomId": 38,
    "toRoomId": 21,
    "personId": 634396380,
    "time": "2024-03-24T03:36:57"
  },
  {
    "fromRoomId": 41,
    "toRoomId": 8,
    "personId": 415757427,
    "time": "2024-03-19T08:38:26"
  },
  {
    "fromRoomId": 35,
    "toRoomId": 21,
    "personId": 534480018,
    "time": "2024-02-19T07:39:27"
  },
  {
    "fromRoomId": 20,
    "toRoomId": 12,
    "personId": 778264113,
    "time": "2024-02-03T02:55:41"
  },
  {
    "fromRoomId": 22,
    "toRoomId": 28,
    "personId": 999967701,
    "time": "2024-08-12T14:34:33"
  },
  {
    "fromRoomId": 48,
    "toRoomId": 9,
    "personId": 128711912,
    "time": "2024-08-08T15:27:28"
  },
  {
    "fromRoomId": 17,
    "toRoomId": 31,
    "personId": 178795577,
    "time": "2024-04-11T23:44:15"
  },
  {
    "fromRoomId": 41,
    "toRoomId": 11,
    "personId": 167149192,
    "time": "2024-04-27T19:39:56"
  },
  {
    "fromRoomId": 2,
    "toRoomId": 44,
    "personId": 406474671,
    "time": "2024-09-02T15:50:26"
  },
  {
    "fromRoomId": 17,
    "toRoomId": 44,
    "personId": 308019351,
    "time": "2024-12-28T00:07:08"
  },
  {
    "fromRoomId": 43,
    "toRoomId": 12,
    "personId": 648104110,
    "time": "2024-12-25T18:10:41"
  },
  {
    "fromRoomId": 26,
    "toRoomId": 27,
    "personId": 963650922,
    "time": "2024-05-04T14:09:41"
  },
  {
    "fromRoomId": 23,
    "toRoomId": 5,
    "personId": 291534020,
    "time": "2024-12-27T09:04:24"
  },
  {
    "fromRoomId": 18,
    "toRoomId": 37,
    "personId": 598422452,
    "time": "2024-04-22T19:24:21"
  },
  {
    "fromRoomId": 34,
    "toRoomId": 16,
    "personId": 963650922,
    "time": "2024-08-20T21:23:31"
  },
  {
    "fromRoomId": 4,
    "toRoomId": 42,
    "personId": 449523525,
    "time": "2024-07-20T12:47:56"
  },
  {
    "fromRoomId": 13,
    "toRoomId": 37,
    "personId": 862997498,
    "time": "2024-02-19T03:28:31"
  },
  {
    "fromRoomId": 7,
    "toRoomId": 39,
    "personId": 228511048,
    "time": "2024-07-05T13:49:19"
  },
  {
    "fromRoomId": 23,
    "toRoomId": 11,
    "personId": 690004645,
    "time": "2024-02-26T04:03:51"
  },
  {
    "fromRoomId": 14,
    "toRoomId": 12,
    "personId": 935556126,
    "time": "2024-12-13T19:51:13"
  },
  {
    "fromRoomId": 2,
    "toRoomId": 38,
    "personId": 671908735,
    "time": "2024-03-15T23:02:56"
  },
  {
    "fromRoomId": 0,
    "toRoomId": 21,
    "personId": 598422452,
    "time": "2024-04-16T23:17:49"
  },
  {
    "fromRoomId": 7,
    "toRoomId": 12,
    "personId": 319888606,
    "time": "2024-12-20T00:40:03"
  },
  {
    "fromRoomId": 49,
    "toRoomId": 35,
    "personId": 490627243,
    "time": "2024-12-21T02:01:44"
  },
  {
    "fromRoomId": 0,
    "toRoomId": 9,
    "personId": 308107928,
    "time": "2024-10-10T14:26:44"
  },
  {
    "fromRoomId": 25,
    "toRoomId": 39,
    "personId": 228511048,
    "time": "2024-06-08T19:43:51"
  },
  {
    "fromRoomId": 25,
    "toRoomId": 28,
    "personId": 948116711,
    "time": "2024-05-19T03:28:04"
  },
  {
    "fromRoomId": 34,
    "toRoomId": 29,
    "personId": 668573361,
    "time": "2024-04-26T13:31:53"
  },
  {
    "fromRoomId": 47,
    "toRoomId": 21,
    "personId": 666396269,
    "time": "2024-04-04T04:20:33"
  },
  {
    "fromRoomId": 41,
    "toRoomId": 37,
    "personId": 802092610,
    "time": "2024-01-05T01:28:15"
  },
  {
    "fromRoomId": 11,
    "toRoomId": 47,
    "personId": 802092610,
    "time": "2024-06-20T04:16:46"
  },
  {
    "fromRoomId": 46,
    "toRoomId": 16,
    "personId": 469719269,
    "time": "2024-03-06T17:09:53"
  },
  {
    "fromRoomId": 16,
    "toRoomId": 11,
    "personId": 291534020,
    "time": "2024-01-04T15:38:26"
  },
  {
    "fromRoomId": 46,
    "toRoomId": 8,
    "personId": 284976036,
    "time": "2024-03-10T20:52:00"
  },
  {
    "fromRoomId": 46,
    "toRoomId": 24,
    "personId": 654686463,
    "time": "2024-04-25T08:56:22"
  },
  {
    "fromRoomId": 49,
    "toRoomId": 29,
    "personId": 801315179,
    "time": "2024-10-12T19:28:56"
  },
  {
    "fromRoomId": 13,
    "toRoomId": 47,
    "personId": 999967701,
    "time": "2024-09-01T23:33:20"
  },
  {
    "fromRoomId": 40,
    "toRoomId": 44,
    "personId": 930326647,
    "time": "2024-10-04T16:42:24"
  },
  {
    "fromRoomId": 13,
    "toRoomId": 16,
    "personId": 149094118,
    "time": "2024-06-15T16:32:34"
  },
  {
    "fromRoomId": 38,
    "toRoomId": 16,
    "personId": 207610275,
    "time": "2024-05-20T16:29:37"
  },
  {
    "fromRoomId": 48,
    "toRoomId": 47,
    "personId": 536507727,
    "time": "2024-11-16T00:49:03"
  },
  {
    "fromRoomId": 29,
    "toRoomId": 44,
    "personId": 536507727,
    "time": "2024-05-07T15:23:15"
  },
  {
    "fromRoomId": 7,
    "toRoomId": 8,
    "personId": 598422452,
    "time": "2024-09-23T06:30:47"
  },
  {
    "fromRoomId": 43,
    "toRoomId": 8,
    "personId": 323788050,
    "time": "2024-10-29T06:46:14"
  },
  {
    "fromRoomId": 23,
    "toRoomId": 8,
    "personId": 513035192,
    "time": "2024-09-25T17:00:33"
  },
  {
    "fromRoomId": 31,
    "toRoomId": 39,
    "personId": 802092610,
    "time": "2024-03-09T08:57:02"
  },
  {
    "fromRoomId": 32,
    "toRoomId": 28,
    "personId": 469719269,
    "time": "2024-11-04T15:40:20"
  },
  {
    "fromRoomId": 4,
    "toRoomId": 35,
    "personId": 448549932,
    "time": "2024-09-08T06:03:23"
  },
  {
    "fromRoomId": 48,
    "toRoomId": 47,
    "personId": 111868799,
    "time": "2024-05-05T11:08:51"
  },
  {
    "fromRoomId": 8,
    "toRoomId": 47,
    "personId": 534480018,
    "time": "2024-03-05T04:17:36"
  },
  {
    "fromRoomId": 20,
    "toRoomId": 40,
    "personId": 648104110,
    "time": "2024-10-13T10:15:01"
  },
  {
    "fromRoomId": 7,
    "toRoomId": 16,
    "personId": 319888606,
    "time": "2024-07-14T03:57:34"
  },
  {
    "fromRoomId": 5,
    "toRoomId": 25,
    "personId": 337156774,
    "time": "2024-08-08T09:07:24"
  },
  {
    "fromRoomId": 7,
    "toRoomId": 39,
    "personId": 415757427,
    "time": "2024-03-27T23:13:35"
  },
  {
    "fromRoomId": 42,
    "toRoomId": 38,
    "personId": 665126233,
    "time": "2024-01-17T06:59:35"
  },
  {
    "fromRoomId": 25,
    "toRoomId": 44,
    "personId": 141721919,
    "time": "2024-01-08T03:46:24"
  },
  {
    "fromRoomId": 9,
    "toRoomId": 11,
    "personId": 415757427,
    "time": "2024-12-11T04:37:15"
  },
  {
    "fromRoomId": 37,
    "toRoomId": 40,
    "personId": 134621389,
    "time": "2024-07-10T20:20:42"
  },
  {
    "fromRoomId": 9,
    "toRoomId": 31,
    "personId": 291534020,
    "time": "2024-07-08T00:09:31"
  },
  {
    "fromRoomId": 17,
    "toRoomId": 5,
    "personId": 522744129,
    "time": "2024-02-28T20:58:28"
  },
  {
    "fromRoomId": 18,
    "toRoomId": 28,
    "personId": 823563050,
    "time": "2024-11-03T22:51:11"
  },
  {
    "fromRoomId": 18,
    "toRoomId": 47,
    "personId": 983541407,
    "time": "2024-12-30T03:17:17"
  },
  {
    "fromRoomId": 10,
    "toRoomId": 38,
    "personId": 850833210,
    "time": "2024-02-03T08:01:12"
  },
  {
    "fromRoomId": 2,
    "toRoomId": 28,
    "personId": 668573361,
    "time": "2024-04-14T19:02:50"
  },
  {
    "fromRoomId": 33,
    "toRoomId": 35,
    "personId": 666396269,
    "time": "2024-02-05T05:26:16"
  },
  {
    "fromRoomId": 25,
    "toRoomId": 24,
    "personId": 469719269,
    "time": "2024-05-17T02:58:27"
  },
  {
    "fromRoomId": 8,
    "toRoomId": 31,
    "personId": 233647763,
    "time": "2024-07-10T04:37:52"
  },
  {
    "fromRoomId": 35,
    "toRoomId": 28,
    "personId": 233647763,
    "time": "2024-01-01T15:02:31"
  },
  {
    "fromRoomId": 0,
    "toRoomId": 9,
    "personId": 777038256,
    "time": "2024-06-08T08:18:21"
  },
  {
    "fromRoomId": 24,
    "toRoomId": 9,
    "personId": 233243478,
    "time": "2024-04-28T03:45:28"
  },
  {
    "fromRoomId": 30,
    "toRoomId": 9,
    "personId": 868549010,
    "time": "2024-09-20T15:30:30"
  },
  {
    "fromRoomId": 44,
    "toRoomId": 24,
    "personId": 802092610,
    "time": "2024-01-14T15:45:09"
  },
  {
    "fromRoomId": 18,
    "toRoomId": 5,
    "personId": 668573361,
    "time": "2024-10-06T19:09:12"
  },
  {
    "fromRoomId": 4,
    "toRoomId": 35,
    "personId": 646357301,
    "time": "2024-08-21T05:04:54"
  },
  {
    "fromRoomId": 46,
    "toRoomId": 21,
    "personId": 490627243,
    "time": "2024-07-10T11:09:30"
  },
  {
    "fromRoomId": 43,
    "toRoomId": 40,
    "personId": 668360853,
    "time": "2024-02-08T20:25:55"
  },
  {
    "fromRoomId": 37,
    "toRoomId": 35,
    "personId": 319888606,
    "time": "2024-05-25T18:02:23"
  },
  {
    "fromRoomId": 7,
    "toRoomId": 31,
    "personId": 308107928,
    "time": "2024-02-04T21:17:04"
  },
  {
    "fromRoomId": 46,
    "toRoomId": 39,
    "personId": 774072624,
    "time": "2024-01-08T23:14:05"
  },
  {
    "fromRoomId": 22,
    "toRoomId": 39,
    "personId": 598422452,
    "time": "2024-08-05T13:24:57"
  },
  {
    "fromRoomId": 42,
    "toRoomId": 5,
    "personId": 862997498,
    "time": "2024-03-09T02:47:22"
  },
  {
    "fromRoomId": 11,
    "toRoomId": 5,
    "personId": 149094118,
    "time": "2024-06-25T07:51:58"
  },
  {
    "fromRoomId": 26,
    "toRoomId": 35,
    "personId": 975640673,
    "time": "2024-04-21T00:37:24"
  },
  {
    "fromRoomId": 15,
    "toRoomId": 31,
    "personId": 242312072,
    "time": "2024-06-15T16:33:13"
  },
  {
    "fromRoomId": 48,
    "toRoomId": 35,
    "personId": 536507727,
    "time": "2024-05-29T23:26:24"
  },
  {
    "fromRoomId": 25,
    "toRoomId": 21,
    "personId": 742860334,
    "time": "2024-09-03T13:32:54"
  },
  {
    "fromRoomId": 26,
    "toRoomId": 40,
    "personId": 935556126,
    "time": "2024-11-18T16:44:09"
  },
  {
    "fromRoomId": 5,
    "toRoomId": 8,
    "personId": 167149192,
    "time": "2024-10-23T02:32:51"
  },
  {
    "fromRoomId": 36,
    "toRoomId": 5,
    "personId": 770822949,
    "time": "2024-11-17T22:44:20"
  },
  {
    "fromRoomId": 8,
    "toRoomId": 28,
    "personId": 337156774,
    "time": "2024-05-13T07:52:46"
  },
  {
    "fromRoomId": 11,
    "toRoomId": 31,
    "personId": 337156774,
    "time": "2024-04-30T05:45:45"
  },
  {
    "fromRoomId": 35,
    "toRoomId": 28,
    "personId": 469719269,
    "time": "2024-02-20T02:04:01"
  },
  {
    "fromRoomId": 24,
    "toRoomId": 28,
    "personId": 963650922,
    "time": "2024-02-01T09:49:29"
  },
  {
    "fromRoomId": 44,
    "toRoomId": 25,
    "personId": 952717036,
    "time": "2024-01-09T06:11:44"
  },
  {
    "fromRoomId": 14,
    "toRoomId": 5,
    "personId": 141721919,
    "time": "2024-03-07T19:41:27"
  },
  {
    "fromRoomId": 42,
    "toRoomId": 25,
    "personId": 128711912,
    "time": "2024-07-07T09:28:51"
  },
  {
    "fromRoomId": 38,
    "toRoomId": 21,
    "personId": 536507727,
    "time": "2024-05-19T00:53:53"
  },
  {
    "fromRoomId": 29,
    "toRoomId": 40,
    "personId": 469719269,
    "time": "2024-10-14T17:31:37"
  },
  {
    "fromRoomId": 34,
    "toRoomId": 28,
    "personId": 770822949,
    "time": "2024-08-16T23:44:52"
  },
  {
    "fromRoomId": 43,
    "toRoomId": 38,
    "personId": 469719269,
    "time": "2024-10-16T20:26:54"
  },
  {
    "fromRoomId": 37,
    "toRoomId": 31,
    "personId": 777038256,
    "time": "2024-12-29T16:24:31"
  },
  {
    "fromRoomId": 24,
    "toRoomId": 40,
    "personId": 654686463,
    "time": "2024-08-09T17:00:00"
  },
  {
    "fromRoomId": 42,
    "toRoomId": 40,
    "personId": 509875139,
    "time": "2024-05-09T01:58:22"
  },
  {
    "fromRoomId": 23,
    "toRoomId": 8,
    "personId": 473096985,
    "time": "2024-09-24T03:36:37"
  },
  {
    "fromRoomId": 24,
    "toRoomId": 40,
    "personId": 663505653,
    "time": "2024-09-03T00:53:22"
  },
  {
    "fromRoomId": 4,
    "toRoomId": 25,
    "personId": 868549010,
    "time": "2024-01-31T05:02:40"
  },
  {
    "fromRoomId": 6,
    "toRoomId": 40,
    "personId": 801315179,
    "time": "2024-08-14T23:54:58"
  },
  {
    "fromRoomId": 0,
    "toRoomId": 21,
    "personId": 261447289,
    "time": "2024-08-31T01:17:59.6624083"
  }
]