[
  {
    "function": "Security",
    "name": "Jack Garner",
    "location": 3,
    "id": 551420274,
    "age": 68
  },
  {
    "function": "Cleaner",
    "name": "Felicia Johnson",
    "location": 11,
    "id": 690004645,
    "age": 62
  },
  {
    "function": "Patient",
    "name": "Dr. Lucas Craig DVM",
    "location": 29,
    "id": 233647763,
    "age": 106
  },
  {
    "function": "Cleaner",
    "name": "Joseph Elliott",
    "location": 27,
    "id": 943734912,
    "age": 6
  },
  {
    "function": "Visitor",
    "name": "Miguel Davidson",
    "location": 42,
    "id": 449523525,
    "age": 48
  },
  {
    "function": "Nurse",
    "name": "Gregory Nelson",
    "location": 25,
    "id": 868549010,
    "age": 34
  },
  {
    "function": "Cleaner",
    "name": "Steven Valencia",
    "location": 38,
    "id": 469719269,
    "age": 114
  },
  {
    "function": "Security",
    "name": "Gabriel Williams",
    "location": 29,
    "id": 930326647,
    "age": 34
  },
  {
    "function": "Administrator",
    "name": "Alexander Wood",
    "location": 14,
    "id": 878049775,
    "age": 63
  },
  {
    "function": "Security",
    "name": "Jennifer Sanchez",
    "location": 5,
    "id": 522744129,
    "age": 39
  },
  {
    "function": "Doctor",
    "name": "Teresa Lewis",
    "location": 21,
    "id": 742860334,
    "age": 120
  },
  {
    "function": "Visitor",
    "name": "Christopher Chavez",
    "location": 40,
    "id": 935556126,
    "age": 40
  },
  {
    "function": "Visitor",
    "name": "Kari Young",
    "location": 11,
    "id": 513035192,
    "age": 8
  },
  {
    "function": "Nurse",
    "name": "Christopher Norris",
    "location": 16,
    "id": 178795577,
    "age": 76
  },
  {
    "function": "Patient",
    "name": "Jessica Davis",
    "location": 22,
    "id": 396011367,
    "age": 116
  },
  {
    "function": "Visitor",
    "name": "Lee Miller",
    "location": 46,
    "id": 670283653,
    "age": 70
  },
  {
    "function": "Doctor",
    "name": "Paul Gonzalez",
    "location": 33,
    "id": 780848820,
    "age": 26
  },
  {
    "function": "Administrator",
    "name": "Mr. Isaac Spencer",
    "location": 6,
    "id": 207652647,
    "age": 84
  },
  {
    "function": "Doctor",
    "name": "Jeffery Christensen",
    "location": 16,
    "id": 645087224,
    "age": 69
  },
  {
    "function": "Patient",
    "name": "Hayden Baker",
    "location": 21,
    "id": 490627243,
    "age": 47
  },
  {
    "function": "Cleaner",
    "name": "Christine Harrison",
    "location": 39,
    "id": 803025265,
    "age": 4
  },
  {
    "function": "Nurse",
    "name": "Daniel Murphy",
    "location": 5,
    "id": 141721919,
    "age": 51
  },
  {
    "function": "Cleaner",
    "name": "Miranda King",
    "location": 39,
    "id": 598422452,
    "age": 100
  },
  {
    "function": "Nurse",
    "name": "Tara Jones",
    "location": 13,
    "id": 671908735,
    "age": 19
  },
  {
    "function": "Cleaner",
    "name": "Vicki Young",
    "location": 8,
    "id": 167149192,
    "age": 80
  },
  {
    "function": "Cleaner",
    "name": "Alexis Warren",
    "location": 28,
    "id": 963650922,
    "age": 74
  },
  {
    "function": "Nurse",
    "name": "Amanda Krueger",
    "location": 47,
    "id": 379528967,
    "age": 52
  },
  {
    "function": "Administrator",
    "name": "Philip Norris",
    "location": 14,
    "id": 321270348,
    "age": 36
  },
  {
    "function": "Visitor",
    "name": "Theresa Alvarez",
    "location": 31,
    "id": 242312072,
    "age": 15
  },
  {
    "function": "Security",
    "name": "Mark Mathis",
    "location": 31,
    "id": 901352254,
    "age": 94
  },
  {
    "function": "Patient",
    "name": "Andrew Charles",
    "location": 1,
    "id": 233243478,
    "age": 97
  },
  {
    "function": "Patient",
    "name": "Susan Smith",
    "location": 16,
    "id": 757290638,
    "age": 71
  },
  {
    "function": "Visitor",
    "name": "Garrett Stephens",
    "location": 12,
    "id": 388840277,
    "age": 87
  },
  {
    "function": "Doctor",
    "name": "Tara Levine",
    "location": 15,
    "id": 139185983,
    "age": 37
  },
  {
    "function": "Administrator",
    "name": "Danielle Freeman",
    "location": 29,
    "id": 689299413,
    "age": 29
  },
  {
    "function": "Doctor",
    "name": "Kerry Garcia",
    "location": 8,
    "id": 473096985,
    "age": 80
  },
  {
    "function": "Nurse",
    "name": "Scott Harrison",
    "location": 5,
    "id": 692519415,
    "age": 75
  },
  {
    "function": "Doctor",
    "name": "Sean Beck",
    "location": 46,
    "id": 922206818,
    "age": 21
  },
  {
    "function": "Cleaner",
    "name": "Nicole Dean",
    "location": 12,
    "id": 599224369,
    "age": 80
  },
  {
    "function": "Cleaner",
    "name": "John Gray",
    "location": 6,
    "id": 448549932,
    "age": 75
  },
  {
    "function": "Visitor",
    "name": "Cody Miller",
    "location": 40,
    "id": 801315179,
    "age": 50
  },
  {
    "function": "Patient",
    "name": "Michelle Cruz",
    "location": 1,
    "id": 117081758,
    "age": 19
  },
  {
    "function": "Visitor",
    "name": "Thomas Reynolds",
    "location": 35,
    "id": 666396269,
    "age": 101
  },
  {
    "function": "Cleaner",
    "name": "Alexander Brooks",
    "location": 16,
    "id": 137253255,
    "age": 13
  },
  {
    "function": "Cleaner",
    "name": "Penny Oliver",
    "location": 44,
    "id": 308019351,
    "age": 26
  },
  {
    "function": "Administrator",
    "name": "Johnny Chang",
    "location": 5,
    "id": 508127426,
    "age": 50
  },
  {
    "function": "Doctor",
    "name": "Sara Beard",
    "location": 38,
    "id": 665126233,
    "age": 116
  },
  {
    "function": "Administrator",
    "name": "Kenneth Wright",
    "location": 46,
    "id": 450018651,
    "age": 19
  },
  {
    "function": "Visitor",
    "name": "John Briggs",
    "location": 12,
    "id": 992500514,
    "age": 111
  },
  {
    "function": "Cleaner",
    "name": "Stacy Chung",
    "location": 44,
    "id": 802092610,
    "age": 31
  },
  {
    "function": "Nurse",
    "name": "William Hernandez",
    "location": 7,
    "id": 149094118,
    "age": 57
  },
  {
    "function": "Visitor",
    "name": "Felicia Kelley",
    "location": 24,
    "id": 948116711,
    "age": 34
  },
  {
    "function": "Administrator",
    "name": "Amanda Carter",
    "location": 7,
    "id": 111868799,
    "age": 46
  },
  {
    "function": "Cleaner",
    "name": "Renee Mitchell",
    "location": 37,
    "id": 147532975,
    "age": 75
  },
  {
    "function": "Administrator",
    "name": "Ronald Boyd",
    "location": 37,
    "id": 323788050,
    "age": 99
  },
  {
    "function": "Nurse",
    "name": "Judy Perry",
    "location": 46,
    "id": 668573361,
    "age": 33
  },
  {
    "function": "Nurse",
    "name": "Tina Hughes",
    "location": 35,
    "id": 319888606,
    "age": 115
  },
  {
    "function": "Patient",
    "name": "Colin Phillips",
    "location": 14,
    "id": 774072624,
    "age": 112
  },
  {
    "function": "Nurse",
    "name": "Marilyn Johnson",
    "location": 33,
    "id": 334762845,
    "age": 15
  },
  {
    "function": "Patient",
    "name": "Joseph Patel",
    "location": 46,
    "id": 975640673,
    "age": 27
  },
  {
    "function": "Nurse",
    "name": "Kimberly Burgess",
    "location": 3,
    "id": 634396380,
    "age": 58
  },
  {
    "function": "Patient",
    "name": "Mr. Christopher Hernandez",
    "location": 31,
    "id": 463129817,
    "age": 97
  },
  {
    "function": "Patient",
    "name": "Valerie Wilson",
    "location": 28,
    "id": 770822949,
    "age": 63
  },
  {
    "function": "Administrator",
    "name": "Jordan Miller",
    "location": 22,
    "id": 223065591,
    "age": 28
  },
  {
    "function": "Administrator",
    "name": "Alex Marquez",
    "location": 1,
    "id": 111977417,
    "age": 80
  },
  {
    "function": "Administrator",
    "name": "Stephanie Larson",
    "location": 1,
    "id": 291534020,
    "age": 77
  },
  {
    "function": "Doctor",
    "name": "David Meyer",
    "location": 7,
    "id": 534480018,
    "age": 31
  },
  {
    "function": "Doctor",
    "name": "Billy Lynch",
    "location": 27,
    "id": 423714377,
    "age": 50
  },
  {
    "function": "Patient",
    "name": "Emily Molina",
    "location": 15,
    "id": 983541407,
    "age": 91
  },
  {
    "function": "Patient",
    "name": "Michael Green",
    "location": 44,
    "id": 228511048,
    "age": 70
  },
  {
    "function": "Security",
    "name": "Sarah Park",
    "location": 14,
    "id": 640776047,
    "age": 18
  },
  {
    "function": "Cleaner",
    "name": "Jack Sutton",
    "location": 35,
    "id": 523455755,
    "age": 100
  },
  {
    "function": "Visitor",
    "name": "Mikayla Harmon",
    "location": 31,
    "id": 777038256,
    "age": 13
  },
  {
    "function": "Visitor",
    "name": "Dr. Lauren Flowers",
    "location": 23,
    "id": 134621389,
    "age": 64
  },
  {
    "function": "Security",
    "name": "Cynthia Davis",
    "location": 40,
    "id": 663505653,
    "age": 28
  },
  {
    "function": "Cleaner",
    "name": "Danny Lopez",
    "location": 3,
    "id": 566657235,
    "age": 89
  },
  {
    "function": "Doctor",
    "name": "Jeff Garza",
    "location": 25,
    "id": 952717036,
    "age": 44
  },
  {
    "function": "Cleaner",
    "name": "Kimberly Maxwell",
    "location": 28,
    "id": 415757427,
    "age": 50
  },
  {
    "function": "Administrator",
    "name": "Jonathan Moore",
    "location": 39,
    "id": 648104110,
    "age": 86
  },
  {
    "function": "Administrator",
    "name": "Allison Nguyen",
    "location": 16,
    "id": 406474671,
    "age": 79
  },
  {
    "function": "Security",
    "name": "Robert Fox",
    "location": 12,
    "id": 599608714,
    "age": 22
  },
  {
    "function": "Administrator",
    "name": "Linda Carney",
    "location": 28,
    "id": 999967701,
    "age": 81
  },
  {
    "function": "Patient",
    "name": "Timothy Fitzpatrick",
    "location": 35,
    "id": 862997498,
    "age": 38
  },
  {
    "function": "Cleaner",
    "name": "Joe Hall",
    "location": 40,
    "id": 654686463,
    "age": 114
  },
  {
    "function": "Administrator",
    "name": "Sharon Mcpherson",
    "location": 35,
    "id": 646357301,
    "age": 101
  },
  {
    "function": "Administrator",
    "name": "Brandi Fry",
    "location": 21,
    "id": 536507727,
    "age": 83
  },
  {
    "function": "Patient",
    "name": "Raymond Knight",
    "location": 29,
    "id": 668360853,
    "age": 66
  },
  {
    "function": "Administrator",
    "name": "Robert Moore",
    "location": 31,
    "id": 308107928,
    "age": 16
  },
  {
    "function": "Administrator",
    "name": "Mark Parker",
    "location": 14,
    "id": 778264113,
    "age": 68
  },
  {
    "function": "Doctor",
    "name": "Jennifer Hendricks",
    "location": 47,
    "id": 128711912,
    "age": 26
  },
  {
    "function": "Patient",
    "name": "Kenneth Hurst",
    "location": 40,
    "id": 509875139,
    "age": 32
  },
  {
    "function": "Security",
    "name": "Brandon Gentry",
    "location": 35,
    "id": 823563050,
    "age": 32
  },
  {
    "function": "Administrator",
    "name": "Ralph Lara",
    "location": 38,
    "id": 850833210,
    "age": 82
  },
  {
    "function": "Cleaner",
    "name": "Rachel Hall",
    "location": 31,
    "id": 822879646,
    "age": 18
  },
  {
    "function": "Nurse",
    "name": "Tina Thomas",
    "location": 16,
    "id": 290159434,
    "age": 62
  },
  {
    "function": "Administrator",
    "name": "Katherine Chen",
    "location": 34,
    "id": 442720085,
    "age": 46
  },
  {
    "function": "Administrator",
    "name": "John Carter",
    "location": 24,
    "id": 848834590,
    "age": 39
  },
  {
    "function": "Doctor",
    "name": "Sally Smith",
    "location": 24,
    "id": 284976036,
    "age": 106
  },
  {
    "function": "Patient",
    "name": "Judy Morgan",
    "location": 1,
    "id": 207610275,
    "age": 28
  },
  {
    "function": "Patient",
    "name": "Ariana Robinson",
    "location": 1,
    "id": 337156774,
    "age": 101
  },
  {
    "function": "Doctor",
    "name": "Catarina Almeida",
    "location": 0,
    "id": 261447289,
    "age": 20
  }
]