<?xml version="1.0"?>

<ruleset name="Custom Rules"
         xmlns="http://pmd.sourceforge.net/ruleset/2.0.0"
         xmlns:xsi="http://www.w3.org/2001/XMLSchema-instance"
         xsi:schemaLocation="http://pmd.sourceforge.net/ruleset/2.0.0 https://pmd.sourceforge.io/ruleset_2_0_0.xsd">

    <description>
        My custom rules
    </description>
    <rule ref="category/java/design.xml/CognitiveComplexity">
        <properties>
            <property name="reportLevel" value="10"/>
        </properties>
    </rule>
    <rule ref="category/java/design.xml/CyclomaticComplexity">
        <properties>
            <property name="classReportLevel" value="80"/>
            <property name="methodReportLevel" value="10"/>
            <property name="cycloOptions" value=""/>
        </properties>
    </rule>
    <rule ref="category/java/design.xml/GodClass"/>

    <rule ref="category/java/design.xml/CouplingBetweenObjects">
        <properties>
            <property name="threshold" value="20"/>
        </properties>
    </rule>
    <rule ref="category/java/design.xml/ExcessiveImports">
        <properties>
            <property name="minimum" value="30"/>
        </properties>
    </rule>
</ruleset>
