[
  {
    "fromRoomId": 12,
    "toRoomId": 48,
    "personId": 645087224,
    "time": "2024-05-17T03:34:26"
  },
  {
    "fromRoomId": 36,
    "toRoomId": 34,
    "personId": 692519415,
    "time": "2024-11-22T09:11:19"
  },
  {
    "fromRoomId": 15,
    "toRoomId": 17,
    "personId": 223065591,
    "time": "2024-02-03T09:51:29"
  },
  {
    "fromRoomId": 10,
    "toRoomId": 32,
    "personId": 463129817,
    "time": "2024-06-25T07:05:38"
  },
  {
    "fromRoomId": 46,
    "toRoomId": 26,
    "personId": 599608714,
    "time": "2024-11-18T05:26:54"
  },
  {
    "fromRoomId": 28,
    "toRoomId": 13,
    "personId": 469719269,
    "time": "2024-04-05T05:05:27"
  },
  {
    "fromRoomId": 22,
    "toRoomId": 20,
    "personId": 233647763,
    "time": "2024-12-25T18:59:51"
  },
  {
    "fromRoomId": 2,
    "toRoomId": 41,
    "personId": 901352254,
    "time": "2024-05-21T17:26:03"
  },
  {
    "fromRoomId": 1,
    "toRoomId": 4,
    "personId": 111977417,
    "time": "2024-05-30T14:58:18"
  },
  {
    "fromRoomId": 40,
    "toRoomId": 43,
    "personId": 469719269,
    "time": "2024-06-12T21:36:47"
  },
  {
    "fromRoomId": 29,
    "toRoomId": 35,
    "personId": 111977417,
    "time": "2024-10-03T04:49:22"
  },
  {
    "fromRoomId": 33,
    "toRoomId": 39,
    "personId": 868549010,
    "time": "2024-05-31T13:51:40"
  },
  {
    "fromRoomId": 18,
    "toRoomId": 2,
    "personId": 207652647,
    "time": "2024-07-30T07:27:18"
  },
  {
    "fromRoomId": 1,
    "toRoomId": 19,
    "personId": 742860334,
    "time": "2024-03-03T13:20:16"
  },
  {
    "fromRoomId": 38,
    "toRoomId": 15,
    "personId": 423714377,
    "time": "2024-02-04T20:12:50"
  },
  {
    "fromRoomId": 1,
    "toRoomId": 33,
    "personId": 922206818,
    "time": "2024-01-28T22:14:46"
  },
  {
    "fromRoomId": 27,
    "toRoomId": 44,
    "personId": 291534020,
    "time": "2024-08-28T20:58:31"
  },
  {
    "fromRoomId": 40,
    "toRoomId": 5,
    "personId": 848834590,
    "time": "2024-03-14T04:38:40"
  },
  {
    "fromRoomId": 33,
    "toRoomId": 23,
    "personId": 935556126,
    "time": "2024-02-08T01:15:51"
  },
  {
    "fromRoomId": 45,
    "toRoomId": 2,
    "personId": 167149192,
    "time": "2024-01-19T21:54:49"
  },
  {
    "fromRoomId": 46,
    "toRoomId": 10,
    "personId": 449523525,
    "time": "2024-06-30T08:20:39"
  },
  {
    "fromRoomId": 42,
    "toRoomId": 22,
    "personId": 450018651,
    "time": "2024-11-03T22:09:31"
  },
  {
    "fromRoomId": 13,
    "toRoomId": 17,
    "personId": 646357301,
    "time": "2024-09-07T04:22:48"
  },
  {
    "fromRoomId": 45,
    "toRoomId": 15,
    "personId": 975640673,
    "time": "2024-02-21T23:51:12"
  },
  {
    "fromRoomId": 25,
    "toRoomId": 32,
    "personId": 450018651,
    "time": "2024-04-17T22:10:50"
  },
  {
    "fromRoomId": 26,
    "toRoomId": 39,
    "personId": 449523525,
    "time": "2024-06-12T20:35:22"
  },
  {
    "fromRoomId": 28,
    "toRoomId": 47,
    "personId": 668360853,
    "time": "2024-09-20T06:25:37"
  },
  {
    "fromRoomId": 43,
    "toRoomId": 0,
    "personId": 228511048,
    "time": "2024-03-30T06:47:10"
  },
  {
    "fromRoomId": 38,
    "toRoomId": 16,
    "personId": 663505653,
    "time": "2024-05-31T07:53:35"
  },
  {
    "fromRoomId": 45,
    "toRoomId": 41,
    "personId": 551420274,
    "time": "2024-04-20T06:08:00"
  },
  {
    "fromRoomId": 33,
    "toRoomId": 40,
    "personId": 963650922,
    "time": "2024-07-11T06:17:47"
  },
  {
    "fromRoomId": 8,
    "toRoomId": 1,
    "personId": 648104110,
    "time": "2024-03-23T08:14:58"
  },
  {
    "fromRoomId": 11,
    "toRoomId": 19,
    "personId": 802092610,
    "time": "2024-05-26T00:44:15"
  },
  {
    "fromRoomId": 16,
    "toRoomId": 31,
    "personId": 999967701,
    "time": "2024-08-18T09:59:03"
  },
  {
    "fromRoomId": 0,
    "toRoomId": 41,
    "personId": 778264113,
    "time": "2024-07-25T20:26:13"
  },
  {
    "fromRoomId": 8,
    "toRoomId": 40,
    "personId": 388840277,
    "time": "2024-05-17T13:13:06"
  },
  {
    "fromRoomId": 5,
    "toRoomId": 1,
    "personId": 513035192,
    "time": "2024-05-03T03:24:11"
  },
  {
    "fromRoomId": 14,
    "toRoomId": 48,
    "personId": 645087224,
    "time": "2024-05-06T17:41:28"
  },
  {
    "fromRoomId": 15,
    "toRoomId": 38,
    "personId": 689299413,
    "time": "2024-08-19T02:03:56"
  },
  {
    "fromRoomId": 3,
    "toRoomId": 22,
    "personId": 308019351,
    "time": "2024-08-31T21:05:08"
  },
  {
    "fromRoomId": 17,
    "toRoomId": 48,
    "personId": 149094118,
    "time": "2024-08-08T21:40:31"
  },
  {
    "fromRoomId": 33,
    "toRoomId": 36,
    "personId": 207652647,
    "time": "2024-12-08T04:55:39"
  },
  {
    "fromRoomId": 1,
    "toRoomId": 49,
    "personId": 450018651,
    "time": "2024-03-09T14:27:24"
  },
  {
    "fromRoomId": 46,
    "toRoomId": 38,
    "personId": 233647763,
    "time": "2024-12-16T14:52:09"
  },
  {
    "fromRoomId": 24,
    "toRoomId": 10,
    "personId": 463129817,
    "time": "2024-04-12T22:57:28"
  },
  {
    "fromRoomId": 13,
    "toRoomId": 34,
    "personId": 228511048,
    "time": "2024-12-27T19:54:41"
  },
  {
    "fromRoomId": 23,
    "toRoomId": 2,
    "personId": 878049775,
    "time": "2024-03-11T10:37:55"
  },
  {
    "fromRoomId": 39,
    "toRoomId": 38,
    "personId": 323788050,
    "time": "2024-07-24T07:05:30"
  },
  {
    "fromRoomId": 28,
    "toRoomId": 37,
    "personId": 139185983,
    "time": "2024-01-30T21:51:13"
  },
  {
    "fromRoomId": 43,
    "toRoomId": 47,
    "personId": 634396380,
    "time": "2024-11-18T17:22:06"
  },
  {
    "fromRoomId": 37,
    "toRoomId": 20,
    "personId": 690004645,
    "time": "2024-11-06T17:05:17"
  },
  {
    "fromRoomId": 34,
    "toRoomId": 32,
    "personId": 992500514,
    "time": "2024-12-03T23:28:16"
  },
  {
    "fromRoomId": 16,
    "toRoomId": 12,
    "personId": 423714377,
    "time": "2024-06-04T23:33:48"
  },
  {
    "fromRoomId": 1,
    "toRoomId": 48,
    "personId": 551420274,
    "time": "2024-08-08T13:04:13"
  },
  {
    "fromRoomId": 9,
    "toRoomId": 19,
    "personId": 599608714,
    "time": "2024-02-29T10:34:36"
  },
  {
    "fromRoomId": 27,
    "toRoomId": 18,
    "personId": 802092610,
    "time": "2024-12-07T14:48:35"
  },
  {
    "fromRoomId": 6,
    "toRoomId": 39,
    "personId": 803025265,
    "time": "2024-01-26T14:03:30"
  },
  {
    "fromRoomId": 37,
    "toRoomId": 48,
    "personId": 648104110,
    "time": "2024-09-19T18:17:06"
  },
  {
    "fromRoomId": 30,
    "toRoomId": 46,
    "personId": 690004645,
    "time": "2024-02-04T21:11:16"
  },
  {
    "fromRoomId": 15,
    "toRoomId": 9,
    "personId": 930326647,
    "time": "2024-05-06T02:55:37"
  },
  {
    "fromRoomId": 35,
    "toRoomId": 16,
    "personId": 822879646,
    "time": "2024-03-16T20:45:00"
  },
  {
    "fromRoomId": 45,
    "toRoomId": 6,
    "personId": 223065591,
    "time": "2024-07-26T12:18:53"
  },
  {
    "fromRoomId": 8,
    "toRoomId": 9,
    "personId": 922206818,
    "time": "2024-06-20T07:35:38"
  },
  {
    "fromRoomId": 43,
    "toRoomId": 20,
    "personId": 692519415,
    "time": "2024-10-03T01:38:55"
  },
  {
    "fromRoomId": 12,
    "toRoomId": 14,
    "personId": 117081758,
    "time": "2024-11-09T19:00:13"
  },
  {
    "fromRoomId": 1,
    "toRoomId": 20,
    "personId": 778264113,
    "time": "2024-02-25T22:43:49"
  },
  {
    "fromRoomId": 18,
    "toRoomId": 36,
    "personId": 139185983,
    "time": "2024-03-27T10:13:38"
  },
  {
    "fromRoomId": 17,
    "toRoomId": 40,
    "personId": 334762845,
    "time": "2024-06-09T16:18:44"
  },
  {
    "fromRoomId": 26,
    "toRoomId": 38,
    "personId": 670283653,
    "time": "2024-11-07T13:57:25"
  },
  {
    "fromRoomId": 29,
    "toRoomId": 23,
    "personId": 778264113,
    "time": "2024-10-04T09:59:33"
  },
  {
    "fromRoomId": 47,
    "toRoomId": 4,
    "personId": 448549932,
    "time": "2024-03-20T12:47:57"
  },
  {
    "fromRoomId": 12,
    "toRoomId": 18,
    "personId": 822879646,
    "time": "2024-09-24T17:08:20"
  },
  {
    "fromRoomId": 48,
    "toRoomId": 18,
    "personId": 646357301,
    "time": "2024-06-12T13:48:13"
  },
  {
    "fromRoomId": 41,
    "toRoomId": 33,
    "personId": 777038256,
    "time": "2024-01-25T14:04:27"
  },
  {
    "fromRoomId": 19,
    "toRoomId": 46,
    "personId": 167149192,
    "time": "2024-12-10T13:30:11"
  },
  {
    "fromRoomId": 12,
    "toRoomId": 22,
    "personId": 999967701,
    "time": "2024-10-08T08:41:18"
  },
  {
    "fromRoomId": 22,
    "toRoomId": 35,
    "personId": 689299413,
    "time": "2024-01-22T19:28:16"
  },
  {
    "fromRoomId": 15,
    "toRoomId": 34,
    "personId": 868549010,
    "time": "2024-11-29T13:19:54"
  },
  {
    "fromRoomId": 21,
    "toRoomId": 10,
    "personId": 448549932,
    "time": "2024-08-13T09:01:55"
  },
  {
    "fromRoomId": 49,
    "toRoomId": 33,
    "personId": 334762845,
    "time": "2024-12-18T09:45:16"
  },
  {
    "fromRoomId": 7,
    "toRoomId": 20,
    "personId": 665126233,
    "time": "2024-07-13T14:43:56"
  },
  {
    "fromRoomId": 13,
    "toRoomId": 31,
    "personId": 850833210,
    "time": "2024-01-30T19:15:28"
  },
  {
    "fromRoomId": 10,
    "toRoomId": 33,
    "personId": 323788050,
    "time": "2024-11-03T13:41:20"
  },
  {
    "fromRoomId": 39,
    "toRoomId": 43,
    "personId": 469719269,
    "time": "2024-08-30T05:16:40"
  },
  {
    "fromRoomId": 49,
    "toRoomId": 29,
    "personId": 308107928,
    "time": "2024-10-04T05:36:00"
  },
  {
    "fromRoomId": 8,
    "toRoomId": 29,
    "personId": 207610275,
    "time": "2024-02-20T19:58:46"
  },
  {
    "fromRoomId": 3,
    "toRoomId": 49,
    "personId": 878049775,
    "time": "2024-05-28T00:01:21"
  },
  {
    "fromRoomId": 21,
    "toRoomId": 31,
    "personId": 778264113,
    "time": "2024-08-12T19:16:49"
  },
  {
    "fromRoomId": 37,
    "toRoomId": 49,
    "personId": 513035192,
    "time": "2024-06-04T21:41:50"
  },
  {
    "fromRoomId": 2,
    "toRoomId": 16,
    "personId": 415757427,
    "time": "2024-02-27T18:16:50"
  },
  {
    "fromRoomId": 28,
    "toRoomId": 35,
    "personId": 983541407,
    "time": "2024-08-20T05:28:22"
  },
  {
    "fromRoomId": 5,
    "toRoomId": 2,
    "personId": 935556126,
    "time": "2024-12-21T09:50:37"
  },
  {
    "fromRoomId": 3,
    "toRoomId": 46,
    "personId": 534480018,
    "time": "2024-01-30T10:24:12"
  },
  {
    "fromRoomId": 0,
    "toRoomId": 16,
    "personId": 423714377,
    "time": "2024-10-04T18:10:22"
  },
  {
    "fromRoomId": 5,
    "toRoomId": 25,
    "personId": 111977417,
    "time": "2024-08-07T21:56:25"
  },
  {
    "fromRoomId": 10,
    "toRoomId": 14,
    "personId": 448549932,
    "time": "2024-12-10T17:27:28"
  },
  {
    "fromRoomId": 28,
    "toRoomId": 9,
    "personId": 634396380,
    "time": "2024-10-29T18:18:44"
  },
  {
    "fromRoomId": 40,
    "toRoomId": 17,
    "personId": 757290638,
    "time": "2024-09-07T21:48:09"
  },
  {
    "fromRoomId": 43,
    "toRoomId": 20,
    "personId": 645087224,
    "time": "2024-12-25T08:33:03"
  },
  {
    "fromRoomId": 14,
    "toRoomId": 41,
    "personId": 868549010,
    "time": "2024-05-26T18:47:07"
  },
  {
    "fromRoomId": 29,
    "toRoomId": 5,
    "personId": 139185983,
    "time": "2024-01-29T07:37:18"
  },
  {
    "fromRoomId": 1,
    "toRoomId": 12,
    "personId": 975640673,
    "time": "2024-11-29T02:01:37"
  },
  {
    "fromRoomId": 28,
    "toRoomId": 36,
    "personId": 983541407,
    "time": "2024-11-04T08:15:04"
  },
  {
    "fromRoomId": 39,
    "toRoomId": 26,
    "personId": 509875139,
    "time": "2024-10-09T06:53:56"
  },
  {
    "fromRoomId": 28,
    "toRoomId": 3,
    "personId": 566657235,
    "time": "2024-01-09T19:50:49"
  },
  {
    "fromRoomId": 40,
    "toRoomId": 9,
    "personId": 742860334,
    "time": "2024-12-01T05:58:13"
  },
  {
    "fromRoomId": 32,
    "toRoomId": 44,
    "personId": 321270348,
    "time": "2024-12-03T01:23:47"
  },
  {
    "fromRoomId": 37,
    "toRoomId": 18,
    "personId": 992500514,
    "time": "2024-10-22T01:02:41"
  },
  {
    "fromRoomId": 32,
    "toRoomId": 12,
    "personId": 780848820,
    "time": "2024-10-20T23:42:02"
  },
  {
    "fromRoomId": 35,
    "toRoomId": 38,
    "personId": 930326647,
    "time": "2024-11-24T15:59:22"
  },
  {
    "fromRoomId": 2,
    "toRoomId": 49,
    "personId": 242312072,
    "time": "2024-09-29T01:55:30"
  },
  {
    "fromRoomId": 42,
    "toRoomId": 36,
    "personId": 223065591,
    "time": "2024-12-21T16:52:02"
  },
  {
    "fromRoomId": 3,
    "toRoomId": 22,
    "personId": 308019351,
    "time": "2024-11-21T05:17:40"
  },
  {
    "fromRoomId": 46,
    "toRoomId": 31,
    "personId": 551420274,
    "time": "2024-12-13T12:13:10"
  },
  {
    "fromRoomId": 5,
    "toRoomId": 29,
    "personId": 448549932,
    "time": "2024-08-15T03:19:12"
  },
  {
    "fromRoomId": 31,
    "toRoomId": 9,
    "personId": 334762845,
    "time": "2024-08-07T19:03:39"
  },
  {
    "fromRoomId": 10,
    "toRoomId": 7,
    "personId": 665126233,
    "time": "2024-01-02T05:56:29"
  },
  {
    "fromRoomId": 46,
    "toRoomId": 17,
    "personId": 645087224,
    "time": "2024-06-26T05:36:14"
  },
  {
    "fromRoomId": 42,
    "toRoomId": 32,
    "personId": 668573361,
    "time": "2024-05-20T23:37:58"
  },
  {
    "fromRoomId": 6,
    "toRoomId": 18,
    "personId": 137253255,
    "time": "2024-03-09T00:42:33"
  },
  {
    "fromRoomId": 32,
    "toRoomId": 13,
    "personId": 284976036,
    "time": "2024-11-16T07:56:48"
  },
  {
    "fromRoomId": 7,
    "toRoomId": 34,
    "personId": 147532975,
    "time": "2024-09-29T22:57:24"
  },
  {
    "fromRoomId": 46,
    "toRoomId": 19,
    "personId": 449523525,
    "time": "2024-04-21T19:07:13"
  },
  {
    "fromRoomId": 7,
    "toRoomId": 28,
    "personId": 147532975,
    "time": "2024-10-08T19:08:50"
  },
  {
    "fromRoomId": 6,
    "toRoomId": 39,
    "personId": 473096985,
    "time": "2024-04-14T01:13:03"
  },
  {
    "fromRoomId": 30,
    "toRoomId": 2,
    "personId": 668573361,
    "time": "2024-03-14T12:29:20"
  },
  {
    "fromRoomId": 32,
    "toRoomId": 12,
    "personId": 757290638,
    "time": "2024-07-11T01:02:49"
  },
  {
    "fromRoomId": 18,
    "toRoomId": 8,
    "personId": 111977417,
    "time": "2024-07-12T13:46:51"
  },
  {
    "fromRoomId": 26,
    "toRoomId": 3,
    "personId": 822879646,
    "time": "2024-09-12T18:40:12"
  },
  {
    "fromRoomId": 24,
    "toRoomId": 7,
    "personId": 770822949,
    "time": "2024-01-06T10:26:19"
  },
  {
    "fromRoomId": 29,
    "toRoomId": 8,
    "personId": 801315179,
    "time": "2024-02-10T07:36:58"
  },
  {
    "fromRoomId": 15,
    "toRoomId": 41,
    "personId": 690004645,
    "time": "2024-05-18T10:19:39"
  },
  {
    "fromRoomId": 31,
    "toRoomId": 42,
    "personId": 141721919,
    "time": "2024-04-13T15:57:55"
  },
  {
    "fromRoomId": 49,
    "toRoomId": 18,
    "personId": 137253255,
    "time": "2024-09-21T12:45:19"
  },
  {
    "fromRoomId": 19,
    "toRoomId": 32,
    "personId": 668573361,
    "time": "2024-08-15T19:01:54"
  },
  {
    "fromRoomId": 46,
    "toRoomId": 45,
    "personId": 999967701,
    "time": "2024-06-10T13:33:28"
  },
  {
    "fromRoomId": 18,
    "toRoomId": 30,
    "personId": 878049775,
    "time": "2024-04-09T15:05:52"
  },
  {
    "fromRoomId": 21,
    "toRoomId": 33,
    "personId": 139185983,
    "time": "2024-08-12T19:23:15"
  },
  {
    "fromRoomId": 20,
    "toRoomId": 12,
    "personId": 566657235,
    "time": "2024-05-16T20:26:17"
  },
  {
    "fromRoomId": 11,
    "toRoomId": 6,
    "personId": 117081758,
    "time": "2024-05-17T18:27:14"
  },
  {
    "fromRoomId": 3,
    "toRoomId": 1,
    "personId": 534480018,
    "time": "2024-03-19T09:34:43"
  },
  {
    "fromRoomId": 32,
    "toRoomId": 7,
    "personId": 536507727,
    "time": "2024-09-03T16:00:26"
  },
  {
    "fromRoomId": 22,
    "toRoomId": 25,
    "personId": 742860334,
    "time": "2024-05-24T03:21:46"
  },
  {
    "fromRoomId": 31,
    "toRoomId": 38,
    "personId": 522744129,
    "time": "2024-12-13T09:31:30"
  },
  {
    "fromRoomId": 7,
    "toRoomId": 38,
    "personId": 665126233,
    "time": "2024-09-28T06:11:26"
  },
  {
    "fromRoomId": 33,
    "toRoomId": 23,
    "personId": 223065591,
    "time": "2024-03-30T00:32:36"
  },
  {
    "fromRoomId": 19,
    "toRoomId": 14,
    "personId": 388840277,
    "time": "2024-03-16T00:12:39"
  },
  {
    "fromRoomId": 43,
    "toRoomId": 14,
    "personId": 111868799,
    "time": "2024-09-18T03:43:01"
  },
  {
    "fromRoomId": 32,
    "toRoomId": 13,
    "personId": 463129817,
    "time": "2024-04-16T20:11:28"
  },
  {
    "fromRoomId": 1,
    "toRoomId": 0,
    "personId": 308019351,
    "time": "2024-07-24T20:26:09"
  },
  {
    "fromRoomId": 37,
    "toRoomId": 46,
    "personId": 777038256,
    "time": "2024-12-02T09:35:57"
  },
  {
    "fromRoomId": 33,
    "toRoomId": 22,
    "personId": 396011367,
    "time": "2024-02-16T12:14:40"
  },
  {
    "fromRoomId": 2,
    "toRoomId": 35,
    "personId": 640776047,
    "time": "2024-01-11T01:01:27"
  },
  {
    "fromRoomId": 8,
    "toRoomId": 43,
    "personId": 778264113,
    "time": "2024-05-14T22:49:43"
  },
  {
    "fromRoomId": 17,
    "toRoomId": 27,
    "personId": 654686463,
    "time": "2024-03-01T14:11:06"
  },
  {
    "fromRoomId": 16,
    "toRoomId": 3,
    "personId": 551420274,
    "time": "2024-09-10T16:49:38"
  },
  {
    "fromRoomId": 15,
    "toRoomId": 18,
    "personId": 599608714,
    "time": "2024-05-18T03:39:34"
  },
  {
    "fromRoomId": 46,
    "toRoomId": 17,
    "personId": 930326647,
    "time": "2024-03-12T13:42:09"
  },
  {
    "fromRoomId": 37,
    "toRoomId": 15,
    "personId": 207652647,
    "time": "2024-06-17T10:12:56"
  },
  {
    "fromRoomId": 23,
    "toRoomId": 3,
    "personId": 943734912,
    "time": "2024-02-16T00:10:04"
  },
  {
    "fromRoomId": 13,
    "toRoomId": 45,
    "personId": 308019351,
    "time": "2024-11-20T17:54:25"
  },
  {
    "fromRoomId": 31,
    "toRoomId": 42,
    "personId": 291534020,
    "time": "2024-03-04T07:08:17"
  },
  {
    "fromRoomId": 0,
    "toRoomId": 1,
    "personId": 823563050,
    "time": "2024-05-26T03:55:44"
  },
  {
    "fromRoomId": 16,
    "toRoomId": 45,
    "personId": 139185983,
    "time": "2024-07-25T10:17:40"
  },
  {
    "fromRoomId": 9,
    "toRoomId": 14,
    "personId": 207652647,
    "time": "2024-11-22T01:17:54"
  },
  {
    "fromRoomId": 20,
    "toRoomId": 17,
    "personId": 963650922,
    "time": "2024-06-29T07:05:06"
  },
  {
    "fromRoomId": 21,
    "toRoomId": 5,
    "personId": 415757427,
    "time": "2024-06-05T18:15:28"
  },
  {
    "fromRoomId": 46,
    "toRoomId": 3,
    "personId": 111977417,
    "time": "2024-11-12T07:38:04"
  },
  {
    "fromRoomId": 1,
    "toRoomId": 35,
    "personId": 566657235,
    "time": "2024-09-01T02:16:52"
  },
  {
    "fromRoomId": 24,
    "toRoomId": 9,
    "personId": 233647763,
    "time": "2024-09-06T21:02:34"
  },
  {
    "fromRoomId": 13,
    "toRoomId": 22,
    "personId": 233647763,
    "time": "2024-05-25T17:14:21"
  },
  {
    "fromRoomId": 41,
    "toRoomId": 46,
    "personId": 242312072,
    "time": "2024-04-27T04:53:21"
  },
  {
    "fromRoomId": 29,
    "toRoomId": 31,
    "personId": 534480018,
    "time": "2024-10-03T11:41:36"
  },
  {
    "fromRoomId": 39,
    "toRoomId": 43,
    "personId": 450018651,
    "time": "2024-10-03T15:07:51"
  },
  {
    "fromRoomId": 45,
    "toRoomId": 32,
    "personId": 117081758,
    "time": "2024-03-25T18:00:21"
  },
  {
    "fromRoomId": 14,
    "toRoomId": 9,
    "personId": 823563050,
    "time": "2024-05-27T21:41:45"
  },
  {
    "fromRoomId": 27,
    "toRoomId": 15,
    "personId": 139185983,
    "time": "2024-01-10T10:03:29"
  },
  {
    "fromRoomId": 23,
    "toRoomId": 42,
    "personId": 599224369,
    "time": "2024-03-01T16:27:13"
  },
  {
    "fromRoomId": 30,
    "toRoomId": 20,
    "personId": 308107928,
    "time": "2024-11-06T19:47:16"
  },
  {
    "fromRoomId": 24,
    "toRoomId": 20,
    "personId": 566657235,
    "time": "2024-08-24T16:07:21"
  },
  {
    "fromRoomId": 7,
    "toRoomId": 18,
    "personId": 822879646,
    "time": "2024-09-10T18:05:29"
  },
  {
    "fromRoomId": 27,
    "toRoomId": 48,
    "personId": 513035192,
    "time": "2024-10-08T11:50:45"
  },
  {
    "fromRoomId": 47,
    "toRoomId": 15,
    "personId": 599224369,
    "time": "2024-11-05T01:00:51"
  },
  {
    "fromRoomId": 38,
    "toRoomId": 8,
    "personId": 111977417,
    "time": "2024-01-16T12:48:22"
  },
  {
    "fromRoomId": 7,
    "toRoomId": 13,
    "personId": 522744129,
    "time": "2024-05-22T13:33:40"
  },
  {
    "fromRoomId": 16,
    "toRoomId": 28,
    "personId": 975640673,
    "time": "2024-05-20T21:16:07"
  },
  {
    "fromRoomId": 46,
    "toRoomId": 18,
    "personId": 878049775,
    "time": "2024-09-08T04:29:31"
  },
  {
    "fromRoomId": 20,
    "toRoomId": 17,
    "personId": 742860334,
    "time": "2024-02-24T06:01:00"
  },
  {
    "fromRoomId": 31,
    "toRoomId": 28,
    "personId": 862997498,
    "time": "2024-05-28T16:30:17"
  },
  {
    "fromRoomId": 22,
    "toRoomId": 34,
    "personId": 668360853,
    "time": "2024-03-18T18:11:27"
  },
  {
    "fromRoomId": 9,
    "toRoomId": 5,
    "personId": 508127426,
    "time": "2024-12-27T20:21:58"
  },
  {
    "fromRoomId": 13,
    "toRoomId": 23,
    "personId": 566657235,
    "time": "2024-04-17T08:34:22"
  },
  {
    "fromRoomId": 38,
    "toRoomId": 39,
    "personId": 128711912,
    "time": "2024-11-19T09:41:21"
  },
  {
    "fromRoomId": 3,
    "toRoomId": 37,
    "personId": 930326647,
    "time": "2024-04-20T10:14:49"
  },
  {
    "fromRoomId": 12,
    "toRoomId": 24,
    "personId": 442720085,
    "time": "2024-11-05T00:58:07"
  },
  {
    "fromRoomId": 9,
    "toRoomId": 12,
    "personId": 690004645,
    "time": "2024-02-15T17:11:00"
  },
  {
    "fromRoomId": 8,
    "toRoomId": 0,
    "personId": 868549010,
    "time": "2024-09-06T09:17:35"
  },
  {
    "fromRoomId": 2,
    "toRoomId": 42,
    "personId": 690004645,
    "time": "2024-05-18T21:02:01"
  },
  {
    "fromRoomId": 18,
    "toRoomId": 34,
    "personId": 975640673,
    "time": "2024-01-02T23:45:47"
  },
  {
    "fromRoomId": 2,
    "toRoomId": 44,
    "personId": 167149192,
    "time": "2024-05-10T20:06:15"
  },
  {
    "fromRoomId": 14,
    "toRoomId": 36,
    "personId": 634396380,
    "time": "2024-08-31T17:35:30"
  },
  {
    "fromRoomId": 18,
    "toRoomId": 11,
    "personId": 848834590,
    "time": "2024-07-29T08:08:06"
  },
  {
    "fromRoomId": 1,
    "toRoomId": 38,
    "personId": 690004645,
    "time": "2024-09-03T02:38:51"
  },
  {
    "fromRoomId": 47,
    "toRoomId": 43,
    "personId": 640776047,
    "time": "2024-05-04T01:23:19"
  },
  {
    "fromRoomId": 49,
    "toRoomId": 2,
    "personId": 139185983,
    "time": "2024-09-20T15:57:35"
  },
  {
    "fromRoomId": 21,
    "toRoomId": 3,
    "personId": 822879646,
    "time": "2024-04-30T12:47:37"
  },
  {
    "fromRoomId": 3,
    "toRoomId": 39,
    "personId": 233647763,
    "time": "2024-05-19T03:29:36"
  },
  {
    "fromRoomId": 21,
    "toRoomId": 19,
    "personId": 523455755,
    "time": "2024-09-14T23:25:40"
  },
  {
    "fromRoomId": 33,
    "toRoomId": 12,
    "personId": 801315179,
    "time": "2024-06-14T10:40:04"
  },
  {
    "fromRoomId": 9,
    "toRoomId": 12,
    "personId": 134621389,
    "time": "2024-03-31T04:17:07"
  },
  {
    "fromRoomId": 7,
    "toRoomId": 13,
    "personId": 930326647,
    "time": "2024-08-30T04:35:15"
  },
  {
    "fromRoomId": 27,
    "toRoomId": 24,
    "personId": 999967701,
    "time": "2024-11-10T23:25:48"
  },
  {
    "fromRoomId": 26,
    "toRoomId": 27,
    "personId": 901352254,
    "time": "2024-12-06T06:10:17"
  },
  {
    "fromRoomId": 38,
    "toRoomId": 3,
    "personId": 822879646,
    "time": "2024-07-21T11:20:56"
  },
  {
    "fromRoomId": 27,
    "toRoomId": 20,
    "personId": 388840277,
    "time": "2024-11-08T21:18:20"
  },
  {
    "fromRoomId": 49,
    "toRoomId": 18,
    "personId": 654686463,
    "time": "2024-01-24T06:31:34"
  },
  {
    "fromRoomId": 38,
    "toRoomId": 42,
    "personId": 134621389,
    "time": "2024-05-23T17:16:07"
  },
  {
    "fromRoomId": 1,
    "toRoomId": 27,
    "personId": 598422452,
    "time": "2024-12-03T22:38:22"
  },
  {
    "fromRoomId": 18,
    "toRoomId": 38,
    "personId": 284976036,
    "time": "2024-01-28T04:03:03"
  },
  {
    "fromRoomId": 15,
    "toRoomId": 27,
    "personId": 598422452,
    "time": "2024-01-28T00:14:01"
  },
  {
    "fromRoomId": 14,
    "toRoomId": 41,
    "personId": 943734912,
    "time": "2024-05-05T23:11:22"
  },
  {
    "fromRoomId": 48,
    "toRoomId": 10,
    "personId": 522744129,
    "time": "2024-04-26T14:06:55"
  },
  {
    "fromRoomId": 7,
    "toRoomId": 27,
    "personId": 645087224,
    "time": "2024-12-22T01:21:10"
  },
  {
    "fromRoomId": 24,
    "toRoomId": 14,
    "personId": 566657235,
    "time": "2024-11-23T17:08:51"
  },
  {
    "fromRoomId": 48,
    "toRoomId": 42,
    "personId": 522744129,
    "time": "2024-10-23T08:31:14"
  },
  {
    "fromRoomId": 38,
    "toRoomId": 21,
    "personId": 634396380,
    "time": "2024-03-24T03:36:57"
  },
  {
    "fromRoomId": 5,
    "toRoomId": 33,
    "personId": 780848820,
    "time": "2024-01-13T12:39:20"
  },
  {
    "fromRoomId": 2,
    "toRoomId": 45,
    "personId": 598422452,
    "time": "2024-12-18T15:02:27"
  },
  {
    "fromRoomId": 41,
    "toRoomId": 8,
    "personId": 415757427,
    "time": "2024-03-19T08:38:26"
  },
  {
    "fromRoomId": 40,
    "toRoomId": 19,
    "personId": 449523525,
    "time": "2024-03-10T23:42:07"
  },
  {
    "fromRoomId": 35,
    "toRoomId": 21,
    "personId": 534480018,
    "time": "2024-02-19T07:39:27"
  },
  {
    "fromRoomId": 46,
    "toRoomId": 23,
    "personId": 862997498,
    "time": "2024-03-30T21:37:52"
  },
  {
    "fromRoomId": 1,
    "toRoomId": 33,
    "personId": 334762845,
    "time": "2024-11-28T08:01:28"
  },
  {
    "fromRoomId": 44,
    "toRoomId": 22,
    "personId": 522744129,
    "time": "2024-02-07T01:34:18"
  },
  {
    "fromRoomId": 20,
    "toRoomId": 12,
    "personId": 778264113,
    "time": "2024-02-03T02:55:41"
  },
  {
    "fromRoomId": 46,
    "toRoomId": 48,
    "personId": 128711912,
    "time": "2024-07-28T23:44:47"
  },
  {
    "fromRoomId": 22,
    "toRoomId": 43,
    "personId": 801315179,
    "time": "2024-12-16T22:23:42"
  },
  {
    "fromRoomId": 48,
    "toRoomId": 10,
    "personId": 111977417,
    "time": "2024-04-02T09:51:09"
  },
  {
    "fromRoomId": 13,
    "toRoomId": 33,
    "personId": 379528967,
    "time": "2024-01-01T23:14:58"
  },
  {
    "fromRoomId": 4,
    "toRoomId": 48,
    "personId": 599608714,
    "time": "2024-04-03T18:11:44"
  },
  {
    "fromRoomId": 11,
    "toRoomId": 0,
    "personId": 551420274,
    "time": "2024-08-10T03:36:21"
  },
  {
    "fromRoomId": 22,
    "toRoomId": 28,
    "personId": 999967701,
    "time": "2024-08-12T14:34:33"
  },
  {
    "fromRoomId": 48,
    "toRoomId": 9,
    "personId": 128711912,
    "time": "2024-08-08T15:27:28"
  },
  {
    "fromRoomId": 5,
    "toRoomId": 4,
    "personId": 334762845,
    "time": "2024-06-25T12:35:42"
  },
  {
    "fromRoomId": 17,
    "toRoomId": 31,
    "personId": 178795577,
    "time": "2024-04-11T23:44:15"
  },
  {
    "fromRoomId": 35,
    "toRoomId": 26,
    "personId": 449523525,
    "time": "2024-03-30T04:23:57"
  },
  {
    "fromRoomId": 31,
    "toRoomId": 1,
    "personId": 228511048,
    "time": "2024-05-06T15:58:44"
  },
  {
    "fromRoomId": 46,
    "toRoomId": 32,
    "personId": 640776047,
    "time": "2024-12-29T04:52:03"
  },
  {
    "fromRoomId": 36,
    "toRoomId": 10,
    "personId": 178795577,
    "time": "2024-06-23T14:43:46"
  },
  {
    "fromRoomId": 2,
    "toRoomId": 0,
    "personId": 149094118,
    "time": "2024-02-04T01:15:10"
  },
  {
    "fromRoomId": 41,
    "toRoomId": 11,
    "personId": 167149192,
    "time": "2024-04-27T19:39:56"
  },
  {
    "fromRoomId": 2,
    "toRoomId": 32,
    "personId": 134621389,
    "time": "2024-01-12T01:44:32"
  },
  {
    "fromRoomId": 19,
    "toRoomId": 17,
    "personId": 690004645,
    "time": "2024-02-23T21:30:17"
  },
  {
    "fromRoomId": 46,
    "toRoomId": 36,
    "personId": 469719269,
    "time": "2024-04-13T07:51:00"
  },
  {
    "fromRoomId": 2,
    "toRoomId": 44,
    "personId": 406474671,
    "time": "2024-09-02T15:50:26"
  },
  {
    "fromRoomId": 17,
    "toRoomId": 44,
    "personId": 308019351,
    "time": "2024-12-28T00:07:08"
  },
  {
    "fromRoomId": 6,
    "toRoomId": 41,
    "personId": 922206818,
    "time": "2024-03-30T13:55:16"
  },
  {
    "fromRoomId": 6,
    "toRoomId": 33,
    "personId": 648104110,
    "time": "2024-11-20T16:25:48"
  },
  {
    "fromRoomId": 43,
    "toRoomId": 12,
    "personId": 648104110,
    "time": "2024-12-25T18:10:41"
  },
  {
    "fromRoomId": 26,
    "toRoomId": 27,
    "personId": 963650922,
    "time": "2024-05-04T14:09:41"
  },
  {
    "fromRoomId": 23,
    "toRoomId": 5,
    "personId": 291534020,
    "time": "2024-12-27T09:04:24"
  },
  {
    "fromRoomId": 0,
    "toRoomId": 30,
    "personId": 963650922,
    "time": "2024-10-02T23:37:20"
  },
  {
    "fromRoomId": 6,
    "toRoomId": 27,
    "personId": 774072624,
    "time": "2024-04-02T00:54:31"
  },
  {
    "fromRoomId": 18,
    "toRoomId": 37,
    "personId": 598422452,
    "time": "2024-04-22T19:24:21"
  },
  {
    "fromRoomId": 34,
    "toRoomId": 45,
    "personId": 983541407,
    "time": "2024-11-19T08:35:07"
  },
  {
    "fromRoomId": 34,
    "toRoomId": 16,
    "personId": 963650922,
    "time": "2024-08-20T21:23:31"
  },
  {
    "fromRoomId": 4,
    "toRoomId": 42,
    "personId": 449523525,
    "time": "2024-07-20T12:47:56"
  },
  {
    "fromRoomId": 41,
    "toRoomId": 32,
    "personId": 523455755,
    "time": "2024-01-15T21:18:46"
  },
  {
    "fromRoomId": 38,
    "toRoomId": 15,
    "personId": 654686463,
    "time": "2024-10-12T16:18:51"
  },
  {
    "fromRoomId": 9,
    "toRoomId": 30,
    "personId": 802092610,
    "time": "2024-07-12T00:24:30"
  },
  {
    "fromRoomId": 13,
    "toRoomId": 37,
    "personId": 862997498,
    "time": "2024-02-19T03:28:31"
  },
  {
    "fromRoomId": 7,
    "toRoomId": 39,
    "personId": 228511048,
    "time": "2024-07-05T13:49:19"
  },
  {
    "fromRoomId": 12,
    "toRoomId": 2,
    "personId": 689299413,
    "time": "2024-04-09T12:53:24"
  },
  {
    "fromRoomId": 29,
    "toRoomId": 18,
    "personId": 448549932,
    "time": "2024-07-31T01:31:24"
  },
  {
    "fromRoomId": 24,
    "toRoomId": 45,
    "personId": 536507727,
    "time": "2024-05-21T01:56:17"
  },
  {
    "fromRoomId": 6,
    "toRoomId": 19,
    "personId": 321270348,
    "time": "2024-01-04T05:52:53"
  },
  {
    "fromRoomId": 48,
    "toRoomId": 3,
    "personId": 223065591,
    "time": "2024-07-25T02:10:11"
  },
  {
    "fromRoomId": 23,
    "toRoomId": 11,
    "personId": 690004645,
    "time": "2024-02-26T04:03:51"
  },
  {
    "fromRoomId": 14,
    "toRoomId": 12,
    "personId": 935556126,
    "time": "2024-12-13T19:51:13"
  },
  {
    "fromRoomId": 2,
    "toRoomId": 38,
    "personId": 671908735,
    "time": "2024-03-15T23:02:56"
  },
  {
    "fromRoomId": 35,
    "toRoomId": 0,
    "personId": 850833210,
    "time": "2024-05-19T02:31:05"
  },
  {
    "fromRoomId": 49,
    "toRoomId": 6,
    "personId": 801315179,
    "time": "2024-09-13T18:54:43"
  },
  {
    "fromRoomId": 0,
    "toRoomId": 21,
    "personId": 598422452,
    "time": "2024-04-16T23:17:49"
  },
  {
    "fromRoomId": 49,
    "toRoomId": 2,
    "personId": 690004645,
    "time": "2024-10-22T00:09:52"
  },
  {
    "fromRoomId": 25,
    "toRoomId": 46,
    "personId": 992500514,
    "time": "2024-01-25T07:02:58"
  },
  {
    "fromRoomId": 25,
    "toRoomId": 0,
    "personId": 534480018,
    "time": "2024-10-05T19:15:59"
  },
  {
    "fromRoomId": 7,
    "toRoomId": 12,
    "personId": 319888606,
    "time": "2024-12-20T00:40:03"
  },
  {
    "fromRoomId": 49,
    "toRoomId": 35,
    "personId": 490627243,
    "time": "2024-12-21T02:01:44"
  },
  {
    "fromRoomId": 24,
    "toRoomId": 18,
    "personId": 242312072,
    "time": "2024-11-08T12:56:26"
  },
  {
    "fromRoomId": 7,
    "toRoomId": 3,
    "personId": 147532975,
    "time": "2024-09-04T13:14:55"
  },
  {
    "fromRoomId": 0,
    "toRoomId": 9,
    "personId": 308107928,
    "time": "2024-10-10T14:26:44"
  },
  {
    "fromRoomId": 25,
    "toRoomId": 39,
    "personId": 228511048,
    "time": "2024-06-08T19:43:51"
  },
  {
    "fromRoomId": 4,
    "toRoomId": 26,
    "personId": 999967701,
    "time": "2024-11-17T15:50:58"
  },
  {
    "fromRoomId": 25,
    "toRoomId": 28,
    "personId": 948116711,
    "time": "2024-05-19T03:28:04"
  },
  {
    "fromRoomId": 6,
    "toRoomId": 12,
    "personId": 490627243,
    "time": "2024-04-25T02:42:24"
  },
  {
    "fromRoomId": 29,
    "toRoomId": 49,
    "personId": 943734912,
    "time": "2024-11-01T03:13:01"
  },
  {
    "fromRoomId": 35,
    "toRoomId": 48,
    "personId": 284976036,
    "time": "2024-08-01T20:46:07"
  },
  {
    "fromRoomId": 43,
    "toRoomId": 26,
    "personId": 862997498,
    "time": "2024-05-24T04:06:27"
  },
  {
    "fromRoomId": 34,
    "toRoomId": 29,
    "personId": 668573361,
    "time": "2024-04-26T13:31:53"
  },
  {
    "fromRoomId": 47,
    "toRoomId": 21,
    "personId": 666396269,
    "time": "2024-04-04T04:20:33"
  },
  {
    "fromRoomId": 41,
    "toRoomId": 37,
    "personId": 802092610,
    "time": "2024-01-05T01:28:15"
  },
  {
    "fromRoomId": 17,
    "toRoomId": 13,
    "personId": 321270348,
    "time": "2024-08-08T04:36:20"
  },
  {
    "fromRoomId": 38,
    "toRoomId": 10,
    "personId": 654686463,
    "time": "2024-07-28T03:20:40"
  },
  {
    "fromRoomId": 48,
    "toRoomId": 27,
    "personId": 423714377,
    "time": "2024-05-07T09:32:53"
  },
  {
    "fromRoomId": 35,
    "toRoomId": 26,
    "personId": 406474671,
    "time": "2024-02-12T22:16:30"
  },
  {
    "fromRoomId": 44,
    "toRoomId": 41,
    "personId": 599608714,
    "time": "2024-06-02T21:29:45"
  },
  {
    "fromRoomId": 11,
    "toRoomId": 47,
    "personId": 802092610,
    "time": "2024-06-20T04:16:46"
  },
  {
    "fromRoomId": 15,
    "toRoomId": 19,
    "personId": 490627243,
    "time": "2024-10-10T16:41:19"
  },
  {
    "fromRoomId": 34,
    "toRoomId": 19,
    "personId": 850833210,
    "time": "2024-05-28T11:05:59"
  },
  {
    "fromRoomId": 0,
    "toRoomId": 49,
    "personId": 111977417,
    "time": "2024-10-30T02:41:21"
  },
  {
    "fromRoomId": 27,
    "toRoomId": 23,
    "personId": 536507727,
    "time": "2024-04-27T06:46:01"
  },
  {
    "fromRoomId": 1,
    "toRoomId": 49,
    "personId": 463129817,
    "time": "2024-12-02T08:31:55"
  },
  {
    "fromRoomId": 46,
    "toRoomId": 16,
    "personId": 469719269,
    "time": "2024-03-06T17:09:53"
  },
  {
    "fromRoomId": 44,
    "toRoomId": 4,
    "personId": 757290638,
    "time": "2024-10-06T20:56:05"
  },
  {
    "fromRoomId": 16,
    "toRoomId": 11,
    "personId": 291534020,
    "time": "2024-01-04T15:38:26"
  },
  {
    "fromRoomId": 42,
    "toRoomId": 49,
    "personId": 665126233,
    "time": "2024-03-14T06:15:36"
  },
  {
    "fromRoomId": 8,
    "toRoomId": 20,
    "personId": 943734912,
    "time": "2024-07-21T01:31:27"
  },
  {
    "fromRoomId": 3,
    "toRoomId": 30,
    "personId": 780848820,
    "time": "2024-06-17T06:33:09"
  },
  {
    "fromRoomId": 24,
    "toRoomId": 27,
    "personId": 801315179,
    "time": "2024-09-21T23:19:59"
  },
  {
    "fromRoomId": 19,
    "toRoomId": 34,
    "personId": 442720085,
    "time": "2024-10-20T04:20:50"
  },
  {
    "fromRoomId": 46,
    "toRoomId": 8,
    "personId": 284976036,
    "time": "2024-03-10T20:52:00"
  },
  {
    "fromRoomId": 46,
    "toRoomId": 24,
    "personId": 654686463,
    "time": "2024-04-25T08:56:22"
  },
  {
    "fromRoomId": 49,
    "toRoomId": 29,
    "personId": 801315179,
    "time": "2024-10-12T19:28:56"
  },
  {
    "fromRoomId": 39,
    "toRoomId": 43,
    "personId": 449523525,
    "time": "2024-01-08T03:02:49"
  },
  {
    "fromRoomId": 13,
    "toRoomId": 47,
    "personId": 999967701,
    "time": "2024-09-01T23:33:20"
  },
  {
    "fromRoomId": 2,
    "toRoomId": 17,
    "personId": 822879646,
    "time": "2024-10-16T13:30:29"
  },
  {
    "fromRoomId": 40,
    "toRoomId": 44,
    "personId": 930326647,
    "time": "2024-10-04T16:42:24"
  },
  {
    "fromRoomId": 13,
    "toRoomId": 16,
    "personId": 149094118,
    "time": "2024-06-15T16:32:34"
  },
  {
    "fromRoomId": 32,
    "toRoomId": 10,
    "personId": 668360853,
    "time": "2024-03-19T20:00:24"
  },
  {
    "fromRoomId": 44,
    "toRoomId": 13,
    "personId": 671908735,
    "time": "2024-10-13T20:59:56"
  },
  {
    "fromRoomId": 38,
    "toRoomId": 16,
    "personId": 207610275,
    "time": "2024-05-20T16:29:37"
  },
  {
    "fromRoomId": 30,
    "toRoomId": 43,
    "personId": 670283653,
    "time": "2024-10-02T06:07:14"
  },
  {
    "fromRoomId": 48,
    "toRoomId": 47,
    "personId": 536507727,
    "time": "2024-11-16T00:49:03"
  },
  {
    "fromRoomId": 29,
    "toRoomId": 44,
    "personId": 536507727,
    "time": "2024-05-07T15:23:15"
  },
  {
    "fromRoomId": 24,
    "toRoomId": 48,
    "personId": 406474671,
    "time": "2024-09-12T16:26:43"
  },
  {
    "fromRoomId": 7,
    "toRoomId": 8,
    "personId": 598422452,
    "time": "2024-09-23T06:30:47"
  },
  {
    "fromRoomId": 43,
    "toRoomId": 8,
    "personId": 323788050,
    "time": "2024-10-29T06:46:14"
  },
  {
    "fromRoomId": 0,
    "toRoomId": 49,
    "personId": 645087224,
    "time": "2024-10-24T21:48:54"
  },
  {
    "fromRoomId": 23,
    "toRoomId": 8,
    "personId": 513035192,
    "time": "2024-09-25T17:00:33"
  },
  {
    "fromRoomId": 4,
    "toRoomId": 43,
    "personId": 943734912,
    "time": "2024-08-18T04:15:04"
  },
  {
    "fromRoomId": 24,
    "toRoomId": 33,
    "personId": 406474671,
    "time": "2024-03-31T13:01:40"
  },
  {
    "fromRoomId": 38,
    "toRoomId": 29,
    "personId": 207610275,
    "time": "2024-02-17T19:05:58"
  },
  {
    "fromRoomId": 38,
    "toRoomId": 36,
    "personId": 862997498,
    "time": "2024-01-07T20:42:03"
  },
  {
    "fromRoomId": 48,
    "toRoomId": 13,
    "personId": 943734912,
    "time": "2024-08-09T12:26:26"
  },
  {
    "fromRoomId": 18,
    "toRoomId": 30,
    "personId": 473096985,
    "time": "2024-07-04T23:02:57"
  },
  {
    "fromRoomId": 34,
    "toRoomId": 17,
    "personId": 645087224,
    "time": "2024-04-22T23:50:13"
  },
  {
    "fromRoomId": 15,
    "toRoomId": 20,
    "personId": 862997498,
    "time": "2024-07-09T07:02:11"
  },
  {
    "fromRoomId": 30,
    "toRoomId": 0,
    "personId": 207652647,
    "time": "2024-07-10T12:34:39"
  },
  {
    "fromRoomId": 20,
    "toRoomId": 34,
    "personId": 321270348,
    "time": "2024-05-02T16:12:17"
  },
  {
    "fromRoomId": 43,
    "toRoomId": 26,
    "personId": 599224369,
    "time": "2024-09-15T20:28:16"
  },
  {
    "fromRoomId": 14,
    "toRoomId": 18,
    "personId": 228511048,
    "time": "2024-04-15T05:23:59"
  },
  {
    "fromRoomId": 15,
    "toRoomId": 43,
    "personId": 134621389,
    "time": "2024-06-08T06:34:14"
  },
  {
    "fromRoomId": 29,
    "toRoomId": 12,
    "personId": 992500514,
    "time": "2024-02-13T04:33:41"
  },
  {
    "fromRoomId": 18,
    "toRoomId": 15,
    "personId": 645087224,
    "time": "2024-07-02T01:08:08"
  },
  {
    "fromRoomId": 6,
    "toRoomId": 0,
    "personId": 690004645,
    "time": "2024-05-25T02:28:45"
  },
  {
    "fromRoomId": 29,
    "toRoomId": 30,
    "personId": 668360853,
    "time": "2024-11-29T04:46:25"
  },
  {
    "fromRoomId": 37,
    "toRoomId": 45,
    "personId": 975640673,
    "time": "2024-06-18T23:56:18"
  },
  {
    "fromRoomId": 13,
    "toRoomId": 43,
    "personId": 648104110,
    "time": "2024-09-23T01:37:11"
  },
  {
    "fromRoomId": 37,
    "toRoomId": 18,
    "personId": 848834590,
    "time": "2024-08-07T18:51:34"
  },
  {
    "fromRoomId": 49,
    "toRoomId": 0,
    "personId": 878049775,
    "time": "2024-01-07T14:18:58"
  },
  {
    "fromRoomId": 29,
    "toRoomId": 26,
    "personId": 323788050,
    "time": "2024-05-14T11:11:43"
  },
  {
    "fromRoomId": 19,
    "toRoomId": 33,
    "personId": 508127426,
    "time": "2024-09-30T00:56:59"
  },
  {
    "fromRoomId": 38,
    "toRoomId": 14,
    "personId": 878049775,
    "time": "2024-04-17T21:37:48"
  },
  {
    "fromRoomId": 31,
    "toRoomId": 39,
    "personId": 802092610,
    "time": "2024-03-09T08:57:02"
  },
  {
    "fromRoomId": 32,
    "toRoomId": 28,
    "personId": 469719269,
    "time": "2024-11-04T15:40:20"
  },
  {
    "fromRoomId": 4,
    "toRoomId": 35,
    "personId": 448549932,
    "time": "2024-09-08T06:03:23"
  },
  {
    "fromRoomId": 18,
    "toRoomId": 42,
    "personId": 983541407,
    "time": "2024-01-08T06:45:31"
  },
  {
    "fromRoomId": 48,
    "toRoomId": 47,
    "personId": 111868799,
    "time": "2024-05-05T11:08:51"
  },
  {
    "fromRoomId": 45,
    "toRoomId": 0,
    "personId": 665126233,
    "time": "2024-01-19T04:42:26"
  },
  {
    "fromRoomId": 33,
    "toRoomId": 45,
    "personId": 423714377,
    "time": "2024-12-13T17:36:30"
  },
  {
    "fromRoomId": 49,
    "toRoomId": 48,
    "personId": 803025265,
    "time": "2024-04-29T01:46:59"
  },
  {
    "fromRoomId": 14,
    "toRoomId": 18,
    "personId": 233647763,
    "time": "2024-11-17T00:20:56"
  },
  {
    "fromRoomId": 0,
    "toRoomId": 13,
    "personId": 207652647,
    "time": "2024-06-25T11:37:51"
  },
  {
    "fromRoomId": 2,
    "toRoomId": 20,
    "personId": 284976036,
    "time": "2024-02-04T03:52:42"
  },
  {
    "fromRoomId": 37,
    "toRoomId": 34,
    "personId": 975640673,
    "time": "2024-03-10T08:23:45"
  },
  {
    "fromRoomId": 7,
    "toRoomId": 22,
    "personId": 975640673,
    "time": "2024-03-20T22:35:38"
  },
  {
    "fromRoomId": 38,
    "toRoomId": 3,
    "personId": 566657235,
    "time": "2024-09-14T18:19:47"
  },
  {
    "fromRoomId": 8,
    "toRoomId": 47,
    "personId": 534480018,
    "time": "2024-03-05T04:17:36"
  },
  {
    "fromRoomId": 10,
    "toRoomId": 33,
    "personId": 823563050,
    "time": "2024-06-29T20:34:32"
  },
  {
    "fromRoomId": 6,
    "toRoomId": 3,
    "personId": 665126233,
    "time": "2024-02-12T20:49:41"
  },
  {
    "fromRoomId": 21,
    "toRoomId": 0,
    "personId": 337156774,
    "time": "2024-11-07T19:21:02"
  },
  {
    "fromRoomId": 11,
    "toRoomId": 45,
    "personId": 901352254,
    "time": "2024-03-16T21:14:58"
  },
  {
    "fromRoomId": 20,
    "toRoomId": 40,
    "personId": 648104110,
    "time": "2024-10-13T10:15:01"
  },
  {
    "fromRoomId": 38,
    "toRoomId": 45,
    "personId": 952717036,
    "time": "2024-06-12T22:48:29"
  },
  {
    "fromRoomId": 0,
    "toRoomId": 42,
    "personId": 536507727,
    "time": "2024-01-01T04:42:35"
  },
  {
    "fromRoomId": 0,
    "toRoomId": 2,
    "personId": 463129817,
    "time": "2024-04-27T07:25:07"
  },
  {
    "fromRoomId": 15,
    "toRoomId": 20,
    "personId": 321270348,
    "time": "2024-07-04T03:59:18"
  },
  {
    "fromRoomId": 7,
    "toRoomId": 16,
    "personId": 319888606,
    "time": "2024-07-14T03:57:34"
  },
  {
    "fromRoomId": 10,
    "toRoomId": 2,
    "personId": 943734912,
    "time": "2024-05-31T06:51:58"
  },
  {
    "fromRoomId": 46,
    "toRoomId": 36,
    "personId": 551420274,
    "time": "2024-12-06T08:51:32"
  },
  {
    "fromRoomId": 5,
    "toRoomId": 25,
    "personId": 337156774,
    "time": "2024-08-08T09:07:24"
  },
  {
    "fromRoomId": 49,
    "toRoomId": 22,
    "personId": 848834590,
    "time": "2024-06-07T01:38:14"
  },
  {
    "fromRoomId": 7,
    "toRoomId": 36,
    "personId": 975640673,
    "time": "2024-06-12T16:27:46"
  },
  {
    "fromRoomId": 47,
    "toRoomId": 32,
    "personId": 308107928,
    "time": "2024-01-24T15:04:27"
  },
  {
    "fromRoomId": 16,
    "toRoomId": 14,
    "personId": 778264113,
    "time": "2024-11-23T02:11:36"
  },
  {
    "fromRoomId": 9,
    "toRoomId": 26,
    "personId": 178795577,
    "time": "2024-02-28T10:29:03"
  },
  {
    "fromRoomId": 23,
    "toRoomId": 4,
    "personId": 666396269,
    "time": "2024-09-13T05:19:28"
  },
  {
    "fromRoomId": 47,
    "toRoomId": 46,
    "personId": 450018651,
    "time": "2024-12-23T00:41:00"
  },
  {
    "fromRoomId": 49,
    "toRoomId": 46,
    "personId": 670283653,
    "time": "2024-12-13T15:04:54"
  },
  {
    "fromRoomId": 7,
    "toRoomId": 39,
    "personId": 415757427,
    "time": "2024-03-27T23:13:35"
  },
  {
    "fromRoomId": 26,
    "toRoomId": 4,
    "personId": 803025265,
    "time": "2024-07-01T18:34:06"
  },
  {
    "fromRoomId": 29,
    "toRoomId": 26,
    "personId": 654686463,
    "time": "2024-10-06T18:56:41"
  },
  {
    "fromRoomId": 4,
    "toRoomId": 43,
    "personId": 223065591,
    "time": "2024-01-21T19:08:40"
  },
  {
    "fromRoomId": 3,
    "toRoomId": 0,
    "personId": 509875139,
    "time": "2024-09-15T09:57:52"
  },
  {
    "fromRoomId": 42,
    "toRoomId": 38,
    "personId": 665126233,
    "time": "2024-01-17T06:59:35"
  },
  {
    "fromRoomId": 28,
    "toRoomId": 37,
    "personId": 868549010,
    "time": "2024-10-04T01:48:32"
  },
  {
    "fromRoomId": 12,
    "toRoomId": 23,
    "personId": 149094118,
    "time": "2024-08-05T09:17:53"
  },
  {
    "fromRoomId": 1,
    "toRoomId": 17,
    "personId": 922206818,
    "time": "2024-08-03T10:42:37"
  },
  {
    "fromRoomId": 31,
    "toRoomId": 12,
    "personId": 178795577,
    "time": "2024-11-06T14:51:28"
  },
  {
    "fromRoomId": 25,
    "toRoomId": 44,
    "personId": 141721919,
    "time": "2024-01-08T03:46:24"
  },
  {
    "fromRoomId": 9,
    "toRoomId": 11,
    "personId": 415757427,
    "time": "2024-12-11T04:37:15"
  },
  {
    "fromRoomId": 33,
    "toRoomId": 6,
    "personId": 599224369,
    "time": "2024-09-10T01:05:20"
  },
  {
    "fromRoomId": 21,
    "toRoomId": 0,
    "personId": 321270348,
    "time": "2024-02-22T13:36:47"
  },
  {
    "fromRoomId": 15,
    "toRoomId": 3,
    "personId": 137253255,
    "time": "2024-12-21T00:06:16"
  },
  {
    "fromRoomId": 37,
    "toRoomId": 40,
    "personId": 134621389,
    "time": "2024-07-10T20:20:42"
  },
  {
    "fromRoomId": 9,
    "toRoomId": 31,
    "personId": 291534020,
    "time": "2024-07-08T00:09:31"
  },
  {
    "fromRoomId": 20,
    "toRoomId": 37,
    "personId": 999967701,
    "time": "2024-07-31T22:25:07"
  },
  {
    "fromRoomId": 17,
    "toRoomId": 5,
    "personId": 522744129,
    "time": "2024-02-28T20:58:28"
  },
  {
    "fromRoomId": 18,
    "toRoomId": 28,
    "personId": 823563050,
    "time": "2024-11-03T22:51:11"
  },
  {
    "fromRoomId": 32,
    "toRoomId": 27,
    "personId": 654686463,
    "time": "2024-06-10T05:15:31"
  },
  {
    "fromRoomId": 21,
    "toRoomId": 43,
    "personId": 128711912,
    "time": "2024-07-11T06:09:59"
  },
  {
    "fromRoomId": 16,
    "toRoomId": 49,
    "personId": 777038256,
    "time": "2024-06-03T14:28:31"
  },
  {
    "fromRoomId": 41,
    "toRoomId": 13,
    "personId": 469719269,
    "time": "2024-04-04T01:33:38"
  },
  {
    "fromRoomId": 3,
    "toRoomId": 33,
    "personId": 308019351,
    "time": "2024-07-01T18:14:46"
  },
  {
    "fromRoomId": 40,
    "toRoomId": 32,
    "personId": 323788050,
    "time": "2024-04-21T17:48:02"
  },
  {
    "fromRoomId": 18,
    "toRoomId": 47,
    "personId": 983541407,
    "time": "2024-12-30T03:17:17"
  },
  {
    "fromRoomId": 10,
    "toRoomId": 38,
    "personId": 850833210,
    "time": "2024-02-03T08:01:12"
  },
  {
    "fromRoomId": 22,
    "toRoomId": 1,
    "personId": 117081758,
    "time": "2024-06-19T20:12:16"
  },
  {
    "fromRoomId": 48,
    "toRoomId": 1,
    "personId": 207610275,
    "time": "2024-03-30T18:05:32"
  },
  {
    "fromRoomId": 38,
    "toRoomId": 4,
    "personId": 290159434,
    "time": "2024-06-04T06:01:00"
  },
  {
    "fromRoomId": 5,
    "toRoomId": 46,
    "personId": 666396269,
    "time": "2024-01-19T20:17:00"
  },
  {
    "fromRoomId": 12,
    "toRoomId": 22,
    "personId": 862997498,
    "time": "2024-07-22T10:26:00"
  },
  {
    "fromRoomId": 2,
    "toRoomId": 28,
    "personId": 668573361,
    "time": "2024-04-14T19:02:50"
  },
  {
    "fromRoomId": 47,
    "toRoomId": 34,
    "personId": 770822949,
    "time": "2024-05-16T20:55:43"
  },
  {
    "fromRoomId": 20,
    "toRoomId": 12,
    "personId": 388840277,
    "time": "2024-03-09T12:01:57"
  },
  {
    "fromRoomId": 21,
    "toRoomId": 30,
    "personId": 423714377,
    "time": "2024-09-11T00:21:48"
  },
  {
    "fromRoomId": 17,
    "toRoomId": 47,
    "personId": 379528967,
    "time": "2024-06-07T06:42:58"
  },
  {
    "fromRoomId": 28,
    "toRoomId": 16,
    "personId": 473096985,
    "time": "2024-05-04T00:14:10"
  },
  {
    "fromRoomId": 1,
    "toRoomId": 22,
    "personId": 223065591,
    "time": "2024-08-12T06:20:53"
  },
  {
    "fromRoomId": 33,
    "toRoomId": 35,
    "personId": 666396269,
    "time": "2024-02-05T05:26:16"
  },
  {
    "fromRoomId": 34,
    "toRoomId": 33,
    "personId": 943734912,
    "time": "2024-01-08T09:24:13"
  },
  {
    "fromRoomId": 25,
    "toRoomId": 24,
    "personId": 469719269,
    "time": "2024-05-17T02:58:27"
  },
  {
    "fromRoomId": 45,
    "toRoomId": 48,
    "personId": 670283653,
    "time": "2024-02-08T22:27:47"
  },
  {
    "fromRoomId": 30,
    "toRoomId": 37,
    "personId": 490627243,
    "time": "2024-03-16T22:27:14"
  },
  {
    "fromRoomId": 8,
    "toRoomId": 31,
    "personId": 233647763,
    "time": "2024-07-10T04:37:52"
  },
  {
    "fromRoomId": 5,
    "toRoomId": 29,
    "personId": 823563050,
    "time": "2024-09-29T02:44:54"
  },
  {
    "fromRoomId": 29,
    "toRoomId": 46,
    "personId": 802092610,
    "time": "2024-10-16T03:19:20"
  },
  {
    "fromRoomId": 15,
    "toRoomId": 43,
    "personId": 448549932,
    "time": "2024-07-16T07:58:17"
  },
  {
    "fromRoomId": 35,
    "toRoomId": 28,
    "personId": 233647763,
    "time": "2024-01-01T15:02:31"
  },
  {
    "fromRoomId": 0,
    "toRoomId": 9,
    "personId": 777038256,
    "time": "2024-06-08T08:18:21"
  },
  {
    "fromRoomId": 32,
    "toRoomId": 4,
    "personId": 149094118,
    "time": "2024-04-09T19:44:12"
  },
  {
    "fromRoomId": 40,
    "toRoomId": 37,
    "personId": 147532975,
    "time": "2024-11-15T21:20:30"
  },
  {
    "fromRoomId": 41,
    "toRoomId": 27,
    "personId": 801315179,
    "time": "2024-04-29T02:00:15"
  },
  {
    "fromRoomId": 27,
    "toRoomId": 3,
    "personId": 291534020,
    "time": "2024-06-26T16:36:46"
  },
  {
    "fromRoomId": 24,
    "toRoomId": 9,
    "personId": 233243478,
    "time": "2024-04-28T03:45:28"
  },
  {
    "fromRoomId": 22,
    "toRoomId": 33,
    "personId": 522744129,
    "time": "2024-10-06T23:13:42"
  },
  {
    "fromRoomId": 11,
    "toRoomId": 26,
    "personId": 469719269,
    "time": "2024-02-08T17:18:48"
  },
  {
    "fromRoomId": 30,
    "toRoomId": 9,
    "personId": 868549010,
    "time": "2024-09-20T15:30:30"
  },
  {
    "fromRoomId": 11,
    "toRoomId": 12,
    "personId": 469719269,
    "time": "2024-07-14T09:25:25"
  },
  {
    "fromRoomId": 34,
    "toRoomId": 12,
    "personId": 599224369,
    "time": "2024-11-25T02:51:22"
  },
  {
    "fromRoomId": 44,
    "toRoomId": 24,
    "personId": 802092610,
    "time": "2024-01-14T15:45:09"
  },
  {
    "fromRoomId": 32,
    "toRoomId": 22,
    "personId": 663505653,
    "time": "2024-08-05T16:20:45"
  },
  {
    "fromRoomId": 18,
    "toRoomId": 5,
    "personId": 668573361,
    "time": "2024-10-06T19:09:12"
  },
  {
    "fromRoomId": 47,
    "toRoomId": 22,
    "personId": 178795577,
    "time": "2024-12-06T12:21:01"
  },
  {
    "fromRoomId": 39,
    "toRoomId": 19,
    "personId": 536507727,
    "time": "2024-04-10T23:01:05"
  },
  {
    "fromRoomId": 14,
    "toRoomId": 3,
    "personId": 634396380,
    "time": "2024-05-28T20:39:24"
  },
  {
    "fromRoomId": 5,
    "toRoomId": 33,
    "personId": 308019351,
    "time": "2024-01-30T16:28:15"
  },
  {
    "fromRoomId": 41,
    "toRoomId": 42,
    "personId": 448549932,
    "time": "2024-08-18T11:07:31"
  },
  {
    "fromRoomId": 17,
    "toRoomId": 33,
    "personId": 291534020,
    "time": "2024-06-26T03:23:59"
  },
  {
    "fromRoomId": 32,
    "toRoomId": 16,
    "personId": 757290638,
    "time": "2024-04-06T03:50:43"
  },
  {
    "fromRoomId": 12,
    "toRoomId": 4,
    "personId": 599608714,
    "time": "2024-06-05T22:16:53"
  },
  {
    "fromRoomId": 39,
    "toRoomId": 16,
    "personId": 178795577,
    "time": "2024-01-21T22:53:34"
  },
  {
    "fromRoomId": 4,
    "toRoomId": 35,
    "personId": 646357301,
    "time": "2024-08-21T05:04:54"
  },
  {
    "fromRoomId": 46,
    "toRoomId": 21,
    "personId": 490627243,
    "time": "2024-07-10T11:09:30"
  },
  {
    "fromRoomId": 43,
    "toRoomId": 40,
    "personId": 668360853,
    "time": "2024-02-08T20:25:55"
  },
  {
    "fromRoomId": 37,
    "toRoomId": 35,
    "personId": 319888606,
    "time": "2024-05-25T18:02:23"
  },
  {
    "fromRoomId": 19,
    "toRoomId": 46,
    "personId": 802092610,
    "time": "2024-01-19T06:12:07"
  },
  {
    "fromRoomId": 23,
    "toRoomId": 3,
    "personId": 983541407,
    "time": "2024-01-26T13:43:40"
  },
  {
    "fromRoomId": 47,
    "toRoomId": 13,
    "personId": 242312072,
    "time": "2024-05-27T11:21:53"
  },
  {
    "fromRoomId": 4,
    "toRoomId": 30,
    "personId": 321270348,
    "time": "2024-07-09T10:11:20"
  },
  {
    "fromRoomId": 41,
    "toRoomId": 19,
    "personId": 901352254,
    "time": "2024-04-29T03:37:10"
  },
  {
    "fromRoomId": 14,
    "toRoomId": 47,
    "personId": 523455755,
    "time": "2024-12-21T14:52:08"
  },
  {
    "fromRoomId": 1,
    "toRoomId": 10,
    "personId": 666396269,
    "time": "2024-09-27T08:41:42"
  },
  {
    "fromRoomId": 7,
    "toRoomId": 31,
    "personId": 308107928,
    "time": "2024-02-04T21:17:04"
  },
  {
    "fromRoomId": 35,
    "toRoomId": 24,
    "personId": 848834590,
    "time": "2024-10-31T10:21:55"
  },
  {
    "fromRoomId": 2,
    "toRoomId": 23,
    "personId": 134621389,
    "time": "2024-03-20T16:28:47"
  },
  {
    "fromRoomId": 13,
    "toRoomId": 46,
    "personId": 534480018,
    "time": "2024-08-30T05:16:42"
  },
  {
    "fromRoomId": 47,
    "toRoomId": 42,
    "personId": 963650922,
    "time": "2024-01-12T10:02:13"
  },
  {
    "fromRoomId": 11,
    "toRoomId": 3,
    "personId": 930326647,
    "time": "2024-04-09T14:02:46"
  },
  {
    "fromRoomId": 17,
    "toRoomId": 27,
    "personId": 770822949,
    "time": "2024-03-21T17:35:51"
  },
  {
    "fromRoomId": 2,
    "toRoomId": 18,
    "personId": 935556126,
    "time": "2024-12-30T01:38:42"
  },
  {
    "fromRoomId": 46,
    "toRoomId": 39,
    "personId": 774072624,
    "time": "2024-01-08T23:14:05"
  },
  {
    "fromRoomId": 44,
    "toRoomId": 41,
    "personId": 822879646,
    "time": "2024-12-25T13:26:14"
  },
  {
    "fromRoomId": 32,
    "toRoomId": 22,
    "personId": 448549932,
    "time": "2024-06-02T07:09:27"
  },
  {
    "fromRoomId": 7,
    "toRoomId": 2,
    "personId": 850833210,
    "time": "2024-12-30T01:30:03"
  },
  {
    "fromRoomId": 35,
    "toRoomId": 12,
    "personId": 321270348,
    "time": "2024-08-30T02:28:44"
  },
  {
    "fromRoomId": 22,
    "toRoomId": 39,
    "personId": 598422452,
    "time": "2024-08-05T13:24:57"
  },
  {
    "fromRoomId": 15,
    "toRoomId": 32,
    "personId": 646357301,
    "time": "2024-01-22T04:13:26"
  },
  {
    "fromRoomId": 42,
    "toRoomId": 5,
    "personId": 862997498,
    "time": "2024-03-09T02:47:22"
  },
  {
    "fromRoomId": 18,
    "toRoomId": 2,
    "personId": 415757427,
    "time": "2024-09-19T00:40:16"
  },
  {
    "fromRoomId": 11,
    "toRoomId": 5,
    "personId": 149094118,
    "time": "2024-06-25T07:51:58"
  },
  {
    "fromRoomId": 24,
    "toRoomId": 34,
    "personId": 137253255,
    "time": "2024-02-04T00:13:28"
  },
  {
    "fromRoomId": 26,
    "toRoomId": 35,
    "personId": 975640673,
    "time": "2024-04-21T00:37:24"
  },
  {
    "fromRoomId": 8,
    "toRoomId": 37,
    "personId": 406474671,
    "time": "2024-12-06T12:34:40"
  },
  {
    "fromRoomId": 45,
    "toRoomId": 34,
    "personId": 291534020,
    "time": "2024-02-19T07:02:07"
  },
  {
    "fromRoomId": 1,
    "toRoomId": 46,
    "personId": 975640673,
    "time": "2024-07-13T20:56:20"
  },
  {
    "fromRoomId": 9,
    "toRoomId": 36,
    "personId": 508127426,
    "time": "2024-10-10T13:58:53"
  },
  {
    "fromRoomId": 41,
    "toRoomId": 11,
    "personId": 668360853,
    "time": "2024-09-18T00:45:42"
  },
  {
    "fromRoomId": 31,
    "toRoomId": 30,
    "personId": 952717036,
    "time": "2024-10-26T04:45:08"
  },
  {
    "fromRoomId": 34,
    "toRoomId": 22,
    "personId": 319888606,
    "time": "2024-04-01T14:39:39"
  },
  {
    "fromRoomId": 15,
    "toRoomId": 31,
    "personId": 242312072,
    "time": "2024-06-15T16:33:13"
  },
  {
    "fromRoomId": 1,
    "toRoomId": 18,
    "personId": 117081758,
    "time": "2024-09-01T05:43:24"
  },
  {
    "fromRoomId": 42,
    "toRoomId": 16,
    "personId": 406474671,
    "time": "2024-06-17T02:05:22"
  },
  {
    "fromRoomId": 5,
    "toRoomId": 15,
    "personId": 463129817,
    "time": "2024-03-10T00:17:39"
  },
  {
    "fromRoomId": 1,
    "toRoomId": 27,
    "personId": 943734912,
    "time": "2024-03-08T06:17:41"
  },
  {
    "fromRoomId": 29,
    "toRoomId": 27,
    "personId": 233647763,
    "time": "2024-01-08T14:08:37"
  },
  {
    "fromRoomId": 2,
    "toRoomId": 27,
    "personId": 802092610,
    "time": "2024-08-10T20:40:58"
  },
  {
    "fromRoomId": 38,
    "toRoomId": 19,
    "personId": 379528967,
    "time": "2024-12-05T03:25:26"
  },
  {
    "fromRoomId": 18,
    "toRoomId": 23,
    "personId": 983541407,
    "time": "2024-06-21T11:49:23"
  },
  {
    "fromRoomId": 48,
    "toRoomId": 35,
    "personId": 536507727,
    "time": "2024-05-29T23:26:24"
  },
  {
    "fromRoomId": 13,
    "toRoomId": 34,
    "personId": 379528967,
    "time": "2024-01-03T02:38:17"
  },
  {
    "fromRoomId": 34,
    "toRoomId": 0,
    "personId": 111977417,
    "time": "2024-08-13T04:49:36"
  },
  {
    "fromRoomId": 32,
    "toRoomId": 24,
    "personId": 648104110,
    "time": "2024-04-16T21:56:21"
  },
  {
    "fromRoomId": 37,
    "toRoomId": 12,
    "personId": 599608714,
    "time": "2024-03-31T14:46:45"
  },
  {
    "fromRoomId": 19,
    "toRoomId": 26,
    "personId": 692519415,
    "time": "2024-02-16T08:43:17"
  },
  {
    "fromRoomId": 11,
    "toRoomId": 15,
    "personId": 983541407,
    "time": "2024-03-29T07:49:48"
  },
  {
    "fromRoomId": 15,
    "toRoomId": 2,
    "personId": 668573361,
    "time": "2024-04-06T02:10:15"
  },
  {
    "fromRoomId": 8,
    "toRoomId": 49,
    "personId": 850833210,
    "time": "2024-02-12T18:30:52"
  },
  {
    "fromRoomId": 44,
    "toRoomId": 29,
    "personId": 689299413,
    "time": "2024-06-07T15:29:15"
  },
  {
    "fromRoomId": 25,
    "toRoomId": 21,
    "personId": 742860334,
    "time": "2024-09-03T13:32:54"
  },
  {
    "fromRoomId": 17,
    "toRoomId": 42,
    "personId": 406474671,
    "time": "2024-04-12T22:12:07"
  },
  {
    "fromRoomId": 13,
    "toRoomId": 24,
    "personId": 948116711,
    "time": "2024-11-04T11:04:21"
  },
  {
    "fromRoomId": 8,
    "toRoomId": 44,
    "personId": 822879646,
    "time": "2024-04-17T15:38:51"
  },
  {
    "fromRoomId": 21,
    "toRoomId": 4,
    "personId": 449523525,
    "time": "2024-07-04T05:30:30"
  },
  {
    "fromRoomId": 10,
    "toRoomId": 44,
    "personId": 228511048,
    "time": "2024-08-14T19:59:34"
  },
  {
    "fromRoomId": 41,
    "toRoomId": 13,
    "personId": 233243478,
    "time": "2024-01-20T22:06:59"
  },
  {
    "fromRoomId": 19,
    "toRoomId": 42,
    "personId": 337156774,
    "time": "2024-01-09T15:55:38"
  },
  {
    "fromRoomId": 24,
    "toRoomId": 37,
    "personId": 668360853,
    "time": "2024-07-17T06:26:58"
  },
  {
    "fromRoomId": 48,
    "toRoomId": 2,
    "personId": 692519415,
    "time": "2024-02-27T17:31:42"
  },
  {
    "fromRoomId": 26,
    "toRoomId": 40,
    "personId": 935556126,
    "time": "2024-11-18T16:44:09"
  },
  {
    "fromRoomId": 19,
    "toRoomId": 11,
    "personId": 930326647,
    "time": "2024-08-17T05:00:39"
  },
  {
    "fromRoomId": 36,
    "toRoomId": 43,
    "personId": 668360853,
    "time": "2024-06-04T01:41:58"
  },
  {
    "fromRoomId": 45,
    "toRoomId": 20,
    "personId": 878049775,
    "time": "2024-10-11T12:17:01"
  },
  {
    "fromRoomId": 5,
    "toRoomId": 8,
    "personId": 167149192,
    "time": "2024-10-23T02:32:51"
  },
  {
    "fromRoomId": 9,
    "toRoomId": 43,
    "personId": 648104110,
    "time": "2024-01-09T07:55:19"
  },
  {
    "fromRoomId": 36,
    "toRoomId": 5,
    "personId": 770822949,
    "time": "2024-11-17T22:44:20"
  },
  {
    "fromRoomId": 15,
    "toRoomId": 12,
    "personId": 167149192,
    "time": "2024-01-25T08:19:26"
  },
  {
    "fromRoomId": 4,
    "toRoomId": 16,
    "personId": 137253255,
    "time": "2024-03-05T06:04:10"
  },
  {
    "fromRoomId": 8,
    "toRoomId": 28,
    "personId": 337156774,
    "time": "2024-05-13T07:52:46"
  },
  {
    "fromRoomId": 1,
    "toRoomId": 26,
    "personId": 670283653,
    "time": "2024-03-06T11:15:18"
  },
  {
    "fromRoomId": 2,
    "toRoomId": 14,
    "personId": 823563050,
    "time": "2024-07-01T07:08:43"
  },
  {
    "fromRoomId": 39,
    "toRoomId": 2,
    "personId": 648104110,
    "time": "2024-09-15T04:16:31"
  },
  {
    "fromRoomId": 12,
    "toRoomId": 29,
    "personId": 930326647,
    "time": "2024-02-29T18:04:53"
  },
  {
    "fromRoomId": 47,
    "toRoomId": 2,
    "personId": 862997498,
    "time": "2024-10-11T09:45:26"
  },
  {
    "fromRoomId": 11,
    "toRoomId": 31,
    "personId": 337156774,
    "time": "2024-04-30T05:45:45"
  },
  {
    "fromRoomId": 21,
    "toRoomId": 13,
    "personId": 770822949,
    "time": "2024-01-30T16:58:32"
  },
  {
    "fromRoomId": 11,
    "toRoomId": 4,
    "personId": 901352254,
    "time": "2024-05-30T11:51:35"
  },
  {
    "fromRoomId": 45,
    "toRoomId": 11,
    "personId": 823563050,
    "time": "2024-02-01T15:03:14"
  },
  {
    "fromRoomId": 49,
    "toRoomId": 45,
    "personId": 645087224,
    "time": "2024-11-06T19:29:40"
  },
  {
    "fromRoomId": 35,
    "toRoomId": 28,
    "personId": 469719269,
    "time": "2024-02-20T02:04:01"
  },
  {
    "fromRoomId": 37,
    "toRoomId": 4,
    "personId": 598422452,
    "time": "2024-04-09T09:48:14"
  },
  {
    "fromRoomId": 40,
    "toRoomId": 4,
    "personId": 983541407,
    "time": "2024-03-16T08:24:17"
  },
  {
    "fromRoomId": 36,
    "toRoomId": 35,
    "personId": 523455755,
    "time": "2024-08-01T07:37:07"
  },
  {
    "fromRoomId": 24,
    "toRoomId": 28,
    "personId": 963650922,
    "time": "2024-02-01T09:49:29"
  },
  {
    "fromRoomId": 2,
    "toRoomId": 45,
    "personId": 901352254,
    "time": "2024-03-18T06:53:48"
  },
  {
    "fromRoomId": 22,
    "toRoomId": 39,
    "personId": 802092610,
    "time": "2024-06-01T07:42:37"
  },
  {
    "fromRoomId": 22,
    "toRoomId": 14,
    "personId": 640776047,
    "time": "2024-11-22T01:55:46"
  },
  {
    "fromRoomId": 10,
    "toRoomId": 2,
    "personId": 975640673,
    "time": "2024-02-15T02:08:18"
  },
  {
    "fromRoomId": 32,
    "toRoomId": 37,
    "personId": 323788050,
    "time": "2024-10-31T00:43:49"
  },
  {
    "fromRoomId": 19,
    "toRoomId": 37,
    "personId": 634396380,
    "time": "2024-01-04T03:35:41"
  },
  {
    "fromRoomId": 6,
    "toRoomId": 12,
    "personId": 508127426,
    "time": "2024-01-22T06:38:27"
  },
  {
    "fromRoomId": 47,
    "toRoomId": 41,
    "personId": 802092610,
    "time": "2024-11-11T19:26:13"
  },
  {
    "fromRoomId": 43,
    "toRoomId": 18,
    "personId": 388840277,
    "time": "2024-10-21T16:55:49"
  },
  {
    "fromRoomId": 8,
    "toRoomId": 23,
    "personId": 692519415,
    "time": "2024-02-13T17:32:56"
  },
  {
    "fromRoomId": 17,
    "toRoomId": 26,
    "personId": 823563050,
    "time": "2024-09-19T06:05:27"
  },
  {
    "fromRoomId": 30,
    "toRoomId": 46,
    "personId": 321270348,
    "time": "2024-09-22T11:19:04"
  },
  {
    "fromRoomId": 31,
    "toRoomId": 6,
    "personId": 207652647,
    "time": "2024-01-05T15:09:58"
  },
  {
    "fromRoomId": 44,
    "toRoomId": 46,
    "personId": 645087224,
    "time": "2024-10-29T18:54:46"
  },
  {
    "fromRoomId": 42,
    "toRoomId": 41,
    "personId": 379528967,
    "time": "2024-01-17T16:14:08"
  },
  {
    "fromRoomId": 22,
    "toRoomId": 42,
    "personId": 948116711,
    "time": "2024-05-13T03:46:21"
  },
  {
    "fromRoomId": 37,
    "toRoomId": 26,
    "personId": 689299413,
    "time": "2024-05-31T10:47:28"
  },
  {
    "fromRoomId": 36,
    "toRoomId": 48,
    "personId": 645087224,
    "time": "2024-10-17T23:48:33"
  },
  {
    "fromRoomId": 44,
    "toRoomId": 25,
    "personId": 952717036,
    "time": "2024-01-09T06:11:44"
  },
  {
    "fromRoomId": 43,
    "toRoomId": 24,
    "personId": 469719269,
    "time": "2024-06-03T07:44:59"
  },
  {
    "fromRoomId": 24,
    "toRoomId": 41,
    "personId": 379528967,
    "time": "2024-04-08T15:32:57"
  },
  {
    "fromRoomId": 35,
    "toRoomId": 11,
    "personId": 513035192,
    "time": "2024-09-22T17:07:25"
  },
  {
    "fromRoomId": 14,
    "toRoomId": 5,
    "personId": 141721919,
    "time": "2024-03-07T19:41:27"
  },
  {
    "fromRoomId": 46,
    "toRoomId": 33,
    "personId": 666396269,
    "time": "2024-05-17T21:34:42"
  },
  {
    "fromRoomId": 24,
    "toRoomId": 16,
    "personId": 337156774,
    "time": "2024-03-17T11:52:04"
  },
  {
    "fromRoomId": 42,
    "toRoomId": 25,
    "personId": 128711912,
    "time": "2024-07-07T09:28:51"
  },
  {
    "fromRoomId": 47,
    "toRoomId": 41,
    "personId": 406474671,
    "time": "2024-08-01T07:01:31"
  },
  {
    "fromRoomId": 22,
    "toRoomId": 36,
    "personId": 513035192,
    "time": "2024-04-14T06:04:16"
  },
  {
    "fromRoomId": 39,
    "toRoomId": 13,
    "personId": 291534020,
    "time": "2024-10-21T17:58:40"
  },
  {
    "fromRoomId": 17,
    "toRoomId": 3,
    "personId": 513035192,
    "time": "2024-10-04T04:03:28"
  },
  {
    "fromRoomId": 48,
    "toRoomId": 41,
    "personId": 508127426,
    "time": "2024-06-14T00:27:31"
  },
  {
    "fromRoomId": 21,
    "toRoomId": 23,
    "personId": 308107928,
    "time": "2024-10-17T21:40:30"
  },
  {
    "fromRoomId": 33,
    "toRoomId": 37,
    "personId": 233243478,
    "time": "2024-08-14T05:33:31"
  },
  {
    "fromRoomId": 14,
    "toRoomId": 32,
    "personId": 901352254,
    "time": "2024-05-03T05:00:14"
  },
  {
    "fromRoomId": 38,
    "toRoomId": 21,
    "personId": 536507727,
    "time": "2024-05-19T00:53:53"
  },
  {
    "fromRoomId": 37,
    "toRoomId": 13,
    "personId": 415757427,
    "time": "2024-01-20T22:09:41"
  },
  {
    "fromRoomId": 41,
    "toRoomId": 29,
    "personId": 233647763,
    "time": "2024-01-30T17:31:12"
  },
  {
    "fromRoomId": 29,
    "toRoomId": 40,
    "personId": 469719269,
    "time": "2024-10-14T17:31:37"
  },
  {
    "fromRoomId": 23,
    "toRoomId": 49,
    "personId": 423714377,
    "time": "2024-09-25T13:12:55"
  },
  {
    "fromRoomId": 25,
    "toRoomId": 2,
    "personId": 774072624,
    "time": "2024-01-30T19:50:19"
  },
  {
    "fromRoomId": 29,
    "toRoomId": 1,
    "personId": 534480018,
    "time": "2024-07-15T07:17:14"
  },
  {
    "fromRoomId": 19,
    "toRoomId": 18,
    "personId": 469719269,
    "time": "2024-07-28T19:49:37"
  },
  {
    "fromRoomId": 43,
    "toRoomId": 34,
    "personId": 308107928,
    "time": "2024-01-16T16:07:18"
  },
  {
    "fromRoomId": 31,
    "toRoomId": 1,
    "personId": 337156774,
    "time": "2024-02-02T07:26:34"
  },
  {
    "fromRoomId": 11,
    "toRoomId": 34,
    "personId": 308107928,
    "time": "2024-01-16T21:57:02"
  },
  {
    "fromRoomId": 32,
    "toRoomId": 10,
    "personId": 666396269,
    "time": "2024-10-07T14:29:50"
  },
  {
    "fromRoomId": 47,
    "toRoomId": 20,
    "personId": 975640673,
    "time": "2024-12-17T00:42:07"
  },
  {
    "fromRoomId": 34,
    "toRoomId": 28,
    "personId": 770822949,
    "time": "2024-08-16T23:44:52"
  },
  {
    "fromRoomId": 17,
    "toRoomId": 45,
    "personId": 778264113,
    "time": "2024-09-15T03:29:52"
  },
  {
    "fromRoomId": 14,
    "toRoomId": 28,
    "personId": 777038256,
    "time": "2024-04-08T17:28:10"
  },
  {
    "fromRoomId": 31,
    "toRoomId": 32,
    "personId": 757290638,
    "time": "2024-08-31T22:29:33"
  },
  {
    "fromRoomId": 28,
    "toRoomId": 2,
    "personId": 878049775,
    "time": "2024-06-12T22:01:32"
  },
  {
    "fromRoomId": 10,
    "toRoomId": 14,
    "personId": 774072624,
    "time": "2024-12-22T15:58:42"
  },
  {
    "fromRoomId": 26,
    "toRoomId": 10,
    "personId": 308019351,
    "time": "2024-01-27T05:26:17"
  },
  {
    "fromRoomId": 19,
    "toRoomId": 35,
    "personId": 868549010,
    "time": "2024-08-07T15:38:07"
  },
  {
    "fromRoomId": 1,
    "toRoomId": 44,
    "personId": 802092610,
    "time": "2024-05-29T00:01:04"
  },
  {
    "fromRoomId": 43,
    "toRoomId": 38,
    "personId": 469719269,
    "time": "2024-10-16T20:26:54"
  },
  {
    "fromRoomId": 37,
    "toRoomId": 31,
    "personId": 777038256,
    "time": "2024-12-29T16:24:31"
  },
  {
    "fromRoomId": 23,
    "toRoomId": 0,
    "personId": 850833210,
    "time": "2024-12-22T23:06:46"
  },
  {
    "fromRoomId": 5,
    "toRoomId": 34,
    "personId": 450018651,
    "time": "2024-03-30T11:16:10"
  },
  {
    "fromRoomId": 33,
    "toRoomId": 41,
    "personId": 147532975,
    "time": "2024-09-25T03:05:42"
  },
  {
    "fromRoomId": 44,
    "toRoomId": 49,
    "personId": 207652647,
    "time": "2024-11-21T00:39:19"
  },
  {
    "fromRoomId": 2,
    "toRoomId": 5,
    "personId": 291534020,
    "time": "2024-03-18T16:03:21"
  },
  {
    "fromRoomId": 5,
    "toRoomId": 47,
    "personId": 128711912,
    "time": "2024-04-07T04:14:33"
  },
  {
    "fromRoomId": 29,
    "toRoomId": 42,
    "personId": 757290638,
    "time": "2024-12-11T06:19:05"
  },
  {
    "fromRoomId": 20,
    "toRoomId": 23,
    "personId": 522744129,
    "time": "2024-01-28T14:14:19"
  },
  {
    "fromRoomId": 0,
    "toRoomId": 45,
    "personId": 415757427,
    "time": "2024-08-21T11:37:29"
  },
  {
    "fromRoomId": 7,
    "toRoomId": 10,
    "personId": 850833210,
    "time": "2024-07-18T17:03:27"
  },
  {
    "fromRoomId": 23,
    "toRoomId": 3,
    "personId": 646357301,
    "time": "2024-02-13T03:22:52"
  },
  {
    "fromRoomId": 48,
    "toRoomId": 19,
    "personId": 337156774,
    "time": "2024-05-01T12:26:06"
  },
  {
    "fromRoomId": 24,
    "toRoomId": 40,
    "personId": 654686463,
    "time": "2024-08-09T17:00:00"
  },
  {
    "fromRoomId": 10,
    "toRoomId": 45,
    "personId": 207652647,
    "time": "2024-07-10T22:16:32"
  },
  {
    "fromRoomId": 26,
    "toRoomId": 34,
    "personId": 147532975,
    "time": "2024-09-03T16:00:04"
  },
  {
    "fromRoomId": 21,
    "toRoomId": 1,
    "personId": 291534020,
    "time": "2024-10-15T11:52:25"
  },
  {
    "fromRoomId": 47,
    "toRoomId": 28,
    "personId": 415757427,
    "time": "2024-02-10T22:30:58"
  },
  {
    "fromRoomId": 36,
    "toRoomId": 32,
    "personId": 415757427,
    "time": "2024-02-19T04:37:56"
  },
  {
    "fromRoomId": 33,
    "toRoomId": 12,
    "personId": 770822949,
    "time": "2024-05-15T03:32:28"
  },
  {
    "fromRoomId": 40,
    "toRoomId": 6,
    "personId": 448549932,
    "time": "2024-03-08T08:56:10"
  },
  {
    "fromRoomId": 6,
    "toRoomId": 35,
    "personId": 823563050,
    "time": "2024-04-28T18:09:15"
  },
  {
    "fromRoomId": 37,
    "toRoomId": 17,
    "personId": 930326647,
    "time": "2024-10-16T10:29:38"
  },
  {
    "fromRoomId": 29,
    "toRoomId": 14,
    "personId": 321270348,
    "time": "2024-03-12T22:53:48"
  },
  {
    "fromRoomId": 42,
    "toRoomId": 40,
    "personId": 509875139,
    "time": "2024-05-09T01:58:22"
  },
  {
    "fromRoomId": 16,
    "toRoomId": 37,
    "personId": 975640673,
    "time": "2024-08-10T10:40:19"
  },
  {
    "fromRoomId": 26,
    "toRoomId": 37,
    "personId": 423714377,
    "time": "2024-11-16T06:36:22"
  },
  {
    "fromRoomId": 7,
    "toRoomId": 36,
    "personId": 490627243,
    "time": "2024-02-23T17:15:59"
  },
  {
    "fromRoomId": 18,
    "toRoomId": 15,
    "personId": 139185983,
    "time": "2024-05-18T20:38:52"
  },
  {
    "fromRoomId": 11,
    "toRoomId": 24,
    "personId": 284976036,
    "time": "2024-03-13T16:12:09"
  },
  {
    "fromRoomId": 25,
    "toRoomId": 33,
    "personId": 308107928,
    "time": "2024-05-15T10:01:31"
  },
  {
    "fromRoomId": 35,
    "toRoomId": 19,
    "personId": 290159434,
    "time": "2024-08-03T17:17:36"
  },
  {
    "fromRoomId": 23,
    "toRoomId": 8,
    "personId": 473096985,
    "time": "2024-09-24T03:36:37"
  },
  {
    "fromRoomId": 1,
    "toRoomId": 30,
    "personId": 665126233,
    "time": "2024-09-14T06:43:18"
  },
  {
    "fromRoomId": 1,
    "toRoomId": 29,
    "personId": 668360853,
    "time": "2024-10-29T11:17:40"
  },
  {
    "fromRoomId": 0,
    "toRoomId": 14,
    "personId": 149094118,
    "time": "2024-08-20T07:11:39"
  },
  {
    "fromRoomId": 5,
    "toRoomId": 30,
    "personId": 566657235,
    "time": "2024-06-09T11:54:53"
  },
  {
    "fromRoomId": 29,
    "toRoomId": 22,
    "personId": 599224369,
    "time": "2024-05-17T15:28:30"
  },
  {
    "fromRoomId": 46,
    "toRoomId": 16,
    "personId": 645087224,
    "time": "2024-11-28T17:21:15"
  },
  {
    "fromRoomId": 17,
    "toRoomId": 27,
    "personId": 692519415,
    "time": "2024-01-05T05:40:41"
  },
  {
    "fromRoomId": 19,
    "toRoomId": 23,
    "personId": 551420274,
    "time": "2024-12-07T15:44:49"
  },
  {
    "fromRoomId": 20,
    "toRoomId": 7,
    "personId": 534480018,
    "time": "2024-12-22T13:51:31"
  },
  {
    "fromRoomId": 30,
    "toRoomId": 32,
    "personId": 406474671,
    "time": "2024-10-09T04:06:08"
  },
  {
    "fromRoomId": 5,
    "toRoomId": 13,
    "personId": 448549932,
    "time": "2024-01-13T13:50:43"
  },
  {
    "fromRoomId": 42,
    "toRoomId": 0,
    "personId": 509875139,
    "time": "2024-04-21T08:48:42"
  },
  {
    "fromRoomId": 38,
    "toRoomId": 7,
    "personId": 149094118,
    "time": "2024-03-29T20:18:07"
  },
  {
    "fromRoomId": 47,
    "toRoomId": 42,
    "personId": 291534020,
    "time": "2024-07-12T06:11:09"
  },
  {
    "fromRoomId": 18,
    "toRoomId": 17,
    "personId": 780848820,
    "time": "2024-04-26T19:57:42"
  },
  {
    "fromRoomId": 15,
    "toRoomId": 1,
    "personId": 233243478,
    "time": "2024-05-02T16:59:13"
  },
  {
    "fromRoomId": 24,
    "toRoomId": 40,
    "personId": 663505653,
    "time": "2024-09-03T00:53:22"
  },
  {
    "fromRoomId": 46,
    "toRoomId": 23,
    "personId": 233243478,
    "time": "2024-09-13T06:25:17"
  },
  {
    "fromRoomId": 41,
    "toRoomId": 22,
    "personId": 671908735,
    "time": "2024-05-07T23:20:36"
  },
  {
    "fromRoomId": 31,
    "toRoomId": 46,
    "personId": 922206818,
    "time": "2024-03-21T00:55:36"
  },
  {
    "fromRoomId": 48,
    "toRoomId": 39,
    "personId": 648104110,
    "time": "2024-05-21T11:42:00"
  },
  {
    "fromRoomId": 8,
    "toRoomId": 4,
    "personId": 423714377,
    "time": "2024-06-02T07:21:54"
  },
  {
    "fromRoomId": 23,
    "toRoomId": 31,
    "personId": 463129817,
    "time": "2024-03-06T22:39:57"
  },
  {
    "fromRoomId": 4,
    "toRoomId": 25,
    "personId": 868549010,
    "time": "2024-01-31T05:02:40"
  },
  {
    "fromRoomId": 5,
    "toRoomId": 0,
    "personId": 137253255,
    "time": "2024-07-22T15:35:58"
  },
  {
    "fromRoomId": 35,
    "toRoomId": 3,
    "personId": 692519415,
    "time": "2024-01-02T23:42:57"
  },
  {
    "fromRoomId": 46,
    "toRoomId": 31,
    "personId": 901352254,
    "time": "2024-06-08T08:56:17"
  },
  {
    "fromRoomId": 6,
    "toRoomId": 40,
    "personId": 801315179,
    "time": "2024-08-14T23:54:58"
  },
  {
    "fromRoomId": 27,
    "toRoomId": 5,
    "personId": 692519415,
    "time": "2024-07-16T12:35:23"
  },
  {
    "fromRoomId": 36,
    "toRoomId": 30,
    "personId": 111977417,
    "time": "2024-08-18T13:59:56"
  },
  {
    "fromRoomId": 15,
    "toRoomId": 1,
    "personId": 111977417,
    "time": "2024-04-02T23:15:49"
  },
  {
    "fromRoomId": 33,
    "toRoomId": 48,
    "personId": 777038256,
    "time": "2024-05-09T05:59:50"
  },
  {
    "fromRoomId": 44,
    "toRoomId": 26,
    "personId": 742860334,
    "time": "2024-07-30T01:15:06"
  },
  {
    "fromRoomId": 44,
    "toRoomId": 12,
    "personId": 671908735,
    "time": "2024-02-05T02:19:36"
  },
  {
    "fromRoomId": 19,
    "toRoomId": 18,
    "personId": 449523525,
    "time": "2024-09-26T22:40:38"
  },
  {
    "fromRoomId": 24,
    "toRoomId": 19,
    "personId": 290159434,
    "time": "2024-11-28T00:33:52"
  },
  {
    "fromRoomId": 41,
    "toRoomId": 42,
    "personId": 668360853,
    "time": "2024-01-12T17:12:05"
  },
  {
    "fromRoomId": 11,
    "toRoomId": 28,
    "personId": 999967701,
    "time": "2024-02-07T20:26:38"
  },
  {
    "fromRoomId": 2,
    "toRoomId": 37,
    "personId": 450018651,
    "time": "2024-01-14T04:59:05"
  },
  {
    "fromRoomId": 35,
    "toRoomId": 13,
    "personId": 774072624,
    "time": "2024-10-12T12:39:16"
  },
  {
    "fromRoomId": 46,
    "toRoomId": 31,
    "personId": 822879646,
    "time": "2024-03-13T00:27:14"
  },
  {
    "fromRoomId": 40,
    "toRoomId": 47,
    "personId": 111868799,
    "time": "2024-02-17T04:23:07"
  },
  {
    "fromRoomId": 17,
    "toRoomId": 35,
    "personId": 862997498,
    "time": "2024-05-12T12:24:23"
  },
  {
    "fromRoomId": 16,
    "toRoomId": 18,
    "personId": 690004645,
    "time": "2024-07-25T09:59:13"
  },
  {
    "fromRoomId": 20,
    "toRoomId": 7,
    "personId": 111868799,
    "time": "2024-03-03T11:57:43"
  },
  {
    "fromRoomId": 16,
    "toRoomId": 46,
    "personId": 668573361,
    "time": "2024-04-27T18:14:56"
  }
]